iteration,agent_id,fitness,x0,x1
0, 0, 10.2153, 0.708156, 3.58066
0, 1, 9.57953, -4.00487, -0.222363
0, 2, 12.1753, -3.03612, -4.72489
0, 3, 9.45121, -0.20756, 3.95503
0, 4, 10.5265, -3.45006, -1.42773
0, 5, 11.0239, -3.33344, -2.78836
0, 6, 6.60342, -0.649321, -1.65637
0, 7, 13.8713, -4.37643, 4.83002
0, 8, 14.1103, 4.54604, 4.38742
0, 9, 11.3998, -1.2196, 4.84308
0, 10, 9.27164, 2.00107, -3.22921
0, 11, 9.73876, -3.19401, 1.68696
0, 12, 6.38679, 0.518388, -1.508
0, 13, 12.2214, 3.9281, -3.46546
0, 14, 11.5836, -2.62715, 3.7043
0, 15, 11.2293, 3.32285, -3.16415
0, 16, 11.9167, -3.29877, -4.09691
0, 17, 11.5324, -3.78818, -2.57714
0, 18, 11.1124, 1.73232, 4.20378
0, 19, 10.6893, 1.45003, 3.5378
0, 20, 9.96538, 0.247756, 3.52182
0, 21, 9.74923, -0.260891, -3.91531
0, 22, 8.35711, -3.18352, -0.15597
0, 23, 12.6202, 3.79754, -4.24848
0, 24, 6.66829, -2.16195, 1.11923
0, 25, 7.67199, -2.48274, 0.0588749
0, 26, 12.2468, -3.76857, 3.74222
0, 27, 8.69563, 3.95875, 0.0542776
0, 28, 9.51919, 2.26908, 2.84352
0, 29, 8.84395, 2.86869, 1.33471
0, 30, 10.2298, 2.29288, 3.1988
0, 31, 7.66415, -0.507385, -2.24645
0, 32, 11.4992, 0.835469, -4.52712
0, 33, 11.9268, 4.65148, 1.27966
0, 34, 10.1811, -2.93857, 3.96015
0, 35, 6.66709, 1.76758, -0.537456
0, 36, 13.5776, -4.89205, -4.31975
0, 37, 9.63996, 0.211792, 3.40883
0, 38, 9.77786, -2.34787, -2.94845
0, 39, 10.8519, -4.24931, 2.05384
0, 40, 8.59161, 2.85435, -0.583944
0, 41, 13.9196, -4.68555, 4.31478
0, 42, 4.16034, -1.11297, 1.01866
0, 43, 7.99345, -1.70855, 2.15397
0, 44, 5.49126, -1.22451, 0.523823
0, 45, 13.2723, 4.60715, 3.83866
0, 46, 8.28274, 2.08256, -3.02182
0, 47, 8.35472, 0.331482, -2.56842
0, 48, 13.0384, 4.13312, -4.76987
0, 49, 5.49304, -1.23226, -0.663762
1, 0, 10.2189, -0.395294, 3.91008
1, 1, 12.1551, -5, -1.49125
1, 2, 9.45121, -0.20756, 3.95503
1, 3, 11.6366, 0.347392, 5
1, 4, 12.6424, -5, -5
1, 5, 10.4125, -3.11701, -2.45616
1, 6, 6.44526, -0.73685, -1.55977
1, 7, 14.1103, 4.54604, 4.38742
1, 8, 11.3998, -1.2196, 4.84308
1, 9, 10.9827, -0.19894, 4.89212
1, 10, 9.98374, 2.08579, -3.82666
1, 11, 9.23405, -2.91373, 2.90058
1, 12, 6.53573, 0.59695, -1.57731
1, 13, 11.5836, -2.62715, 3.7043
1, 14, 11.2293, 3.32285, -3.16415
1, 15, 11.7551, 4.139, -2.62129
1, 16, 11.5324, -3.78818, -2.57714
1, 17, 11.1124, 1.73232, 4.20378
1, 18, 11.9583, 1.33068, 4.76715
1, 19, 8.96513, 1.37684, 2.92109
1, 20, 10.9994, 0.210593, 5
1, 21, 9.89799, -0.963726, -4.19342
1, 22, 8.50359, -2.44534, -1.2405
1, 23, 6.66829, -2.16195, 1.11923
1, 24, 7.01212, -2.2116, 1.1204
1, 25, 7.9212, -2.55811, 0.133719
1, 26, 8.69563, 3.95875, 0.0542776
1, 27, 2.89793, 1.00129, 0.0994564
1, 28, 7.73368, -0.0270918, 2.66225
1, 29, 2.61928, 0.959978, 0.0371854
1, 30, 9.95172, 2.44002, 2.38954
1, 31, 7.98206, -0.490675, -2.33699
1, 32, 11.9268, 4.65148, 1.27966
1, 33, 10.1811, -2.93857, 3.96015
1, 34, 10.2827, -1.77693, 3.84837
1, 35, 6.62455, 1.66974, -0.623851
1, 36, 9.63996, 0.211792, 3.40883
1, 37, 10.7826, 0.842973, 5
1, 38, 12.6101, -5, -3.79116
1, 39, 12.7595, -4.67785, 2.46786
1, 40, 12.0766, 5, -1.42604
1, 41, 4.16034, -1.11297, 1.01866
1, 42, 4.53803, -1.14714, 1.06174
1, 43, 7.98109, -1.73304, 2.16445
1, 44, 5.09853, -1.13237, 0.600596
1, 45, 8.28274, 2.08256, -3.02182
1, 46, 11.0035, 1.86844, -5
1, 47, 10.8884, -1.01182, -4.35711
1, 48, 5.49304, -1.23226, -0.663762
1, 49, 5.73301, -1.29357, -0.693436
2, 0, 10.5459, 0.131546, 5
2, 1, 9.45121, -0.20756, 3.95503
2, 2, 11.3127, -0.744555, 5
2, 3, 11.0239, -3.33344, -2.78836
2, 4, 6.60342, -0.649321, -1.65637
2, 5, 13.5435, -5, 4.74653
2, 6, 6.40886, -0.691389, -1.5159
2, 7, 11.3998, -1.2196, 4.84308
2, 8, 9.27164, 2.00107, -3.22921
2, 9, 12.1187, 1.51659, 4.92851
2, 10, 11.5938, 1.7543, -5
2, 11, 11.4809, -2.88449, 5
2, 12, 6.47171, 0.570679, -1.54026
2, 13, 11.2293, 3.32285, -3.16415
2, 14, 11.9167, -3.29877, -4.09691
2, 15, 11.5324, -3.78818, -2.57714
2, 16, 11.1124, 1.73232, 4.20378
2, 17, 10.6893, 1.45003, 3.5378
2, 18, 9.96538, 0.247756, 3.52182
2, 19, 12.2195, 1.50667, 4.76185
2, 20, 10.1635, 0.0304715, 5
2, 21, 11.8903, 0.49349, -5
2, 22, 10.2978, -4.22557, -1.09484
2, 23, 8.29363, -2.57533, 1.0981
2, 24, 7.86441, -2.87651, -0.223035
2, 25, 2.32229, 0.282758, 0.133492
2, 26, 6.40856, 1.65777, 0.347786
2, 27, 3.05565, 1.02998, 0.112804
2, 28, 4.58344, 0.752007, 0.581744
2, 29, 2.58608, 0.954904, 0.0147209
2, 30, 12.1777, 2.19186, 4.53975
2, 31, 7.19732, 0.496697, -2.13308
2, 32, 10.1811, -2.93857, 3.96015
2, 33, 10.2728, -2.16295, 3.84837
2, 34, 12.4704, -5, 3.25106
2, 35, 6.63569, 1.67186, -0.589762
2, 36, 10.2949, 0.078008, 5
2, 37, 12.1119, 1.44759, 5
2, 38, 8.59161, 2.85435, -0.583944
2, 39, 13.9196, -4.68555, 4.31478
2, 40, 4.16034, -1.11297, 1.01866
2, 41, 4.33827, -1.13006, 1.0402
2, 42, 4.6466, -1.15939, 1.06697
2, 43, 4.57185, 0.812888, 0.589335
2, 44, 5.02477, -1.11154, 0.570378
2, 45, 11.4976, 1.77376, -5
2, 46, 11.7527, 0.388425, -5
2, 47, 11.4821, -1.69834, -4.27176
2, 48, 5.61563, -1.26291, -0.678599
2, 49, 5.89345, -1.32943, -0.674573
3, 0, 3.48968, 0.190425, 0.518139
3, 1, 10.2843, -1.01352, 5
3, 2, 11.4772, -0.304817, 5
3, 3, 12.3793, -3.61976, -4.07401
3, 4, 3.603, -0.233526, 0.941591
3, 5, 14.1103, 4.54604, 4.38742
3, 6, 4.69221, -0.584728, 1.0107
3, 7, 11.5594, -1.89427, 4.74173
3, 8, 9.2281, 2.61164, -2.09445
3, 9, 6.38679, 0.518388, -1.508
3, 10, 12.2214, 3.9281, -3.46546
3, 11, 11.5836, -2.62715, 3.7043
3, 12, 8.11515, 0.23806, -2.76979
3, 13, 12.6424, 5, -5
3, 14, 11.5324, -3.78818, -2.57714
3, 15, 11.1124, 1.73232, 4.20378
3, 16, 5.74285, 2.09746, 0.130517
3, 17, 6.92378, 1.38165, 1.3295
3, 18, 11.418, 0.291193, 5
3, 19, 8.35711, -3.18352, -0.15597
3, 20, 10.6263, -1.11473, 5
3, 21, 6.66829, -2.16195, 1.11923
3, 22, 10.472, -4.88112, -1.02307
3, 23, 9.89824, -3.6657, 1.09396
3, 24, 5.8441, -1.47735, -0.214608
3, 25, 2.49306, 0.297885, 0.152449
3, 26, 2.79771, 0.0701762, 0.402634
3, 27, 3.23371, 1.04527, 0.134129
3, 28, 4.57463, 0.748624, 0.566767
3, 29, 2.5882, 0.960474, -0.0154598
3, 30, 11.9268, 4.65148, 1.27966
3, 31, 3.96081, 0.925859, 0.302149
3, 32, 12.1925, -3.19562, 4.26824
3, 33, 11.3956, -2.90537, 5
3, 34, 9.63996, 0.211792, 3.40883
3, 35, 9.27412, 2.99139, -1.55299
3, 36, 9.5889, 1.11163, 3.37488
3, 37, 8.59161, 2.85435, -0.583944
3, 38, 10.2087, 5, 0.0515305
3, 39, 4.16034, -1.11297, 1.01866
3, 40, 4.27623, -1.12436, 1.03302
3, 41, 4.40704, -1.13822, 1.04369
3, 42, 4.55753, -1.12867, 1.09257
3, 43, 4.56376, 0.826772, 0.56919
3, 44, 5.01649, -1.10933, 0.553255
3, 45, 13.0384, 4.13312, -4.76987
3, 46, 5.49304, -1.23226, -0.663762
3, 47, 9.4004, -3.06522, -1.48366
3, 48, 5.73072, -1.28682, -0.666024
3, 49, 6.0893, -1.40414, -1.06762
4, 0, 3.42169, 0.173175, 0.511
4, 1, 10.9675, -1.17358, 5
4, 2, 6.60342, -0.649321, -1.65637
4, 3, 13.8713, -4.37643, 4.83002
4, 4, 3.48386, -0.210795, 0.963528
4, 5, 11.3998, -1.2196, 4.84308
4, 6, 4.64359, -0.435075, 1.04117
4, 7, 9.73876, -3.19401, 1.68696
4, 8, 10.1967, 2.54179, -2.95646
4, 9, 8.33746, -0.773431, -2.5573
4, 10, 11.5836, -2.62715, 3.7043
4, 11, 11.2293, 3.32285, -3.16415
4, 12, 11.5805, 0.682162, -5
4, 13, 11.5324, -3.78818, -2.57714
4, 14, 11.1124, 1.73232, 4.20378
4, 15, 10.6893, 1.45003, 3.5378
4, 16, 6.16375, 1.93795, 0.763677
4, 17, 7.43128, 1.41287, 1.90147
4, 18, 8.35711, -3.18352, -0.15597
4, 19, 6.41749, -1.52842, -0.712969
4, 20, 6.66829, -2.16195, 1.11923
4, 21, 10.0005, -3.61008, 1.11238
4, 22, 11.2138, -4.79152, -0.83068
4, 23, 8.45377, 3.19536, 1.07454
4, 24, 4.65233, -1.00435, 0.499557
4, 25, 2.60236, 0.312228, 0.159123
4, 26, 2.8894, 0.0816406, 0.418628
4, 27, 3.161, 1.04273, 0.122897
4, 28, 4.55038, 0.754442, 0.53751
4, 29, 2.60692, 0.983731, -0.00906156
4, 30, 10.1811, -2.93857, 3.96015
4, 31, 3.95288, 0.934697, 0.299462
4, 32, 13.5776, -4.89205, -4.31975
4, 33, 9.63996, 0.211792, 3.40883
4, 34, 12.4814, 2.65911, 5
4, 35, 11.8626, 5, -0.45215
4, 36, 9.82346, -0.163203, 3.6488
4, 37, 11.5308, 5, -0.695286
4, 38, 10.723, 5, 0.163084
4, 39, 4.24619, -1.12151, 1.02943
4, 40, 4.32647, -1.13048, 1.03564
4, 41, 4.3262, -1.11518, 1.06288
4, 42, 4.75901, -1.12943, 1.12697
4, 43, 4.5826, 0.783441, 0.599081
4, 44, 3.32012, -1.12594, 0.00594309
4, 45, 5.49304, -1.23226, -0.663762
4, 46, 6.65374, -1.72097, -1.16967
4, 47, 11.2043, -5, -0.766017
4, 48, 5.80807, -2.07759, -0.918569
4, 49, 6.24349, -1.4378, -0.666816
5, 0, 3.35564, 0.159841, 0.499847
5, 1, 6.60342, -0.649321, -1.65637
5, 2, 5.60019, -1.3025, 0.370212
5, 3, 14.1103, 4.54604, 4.38742
5, 4, 3.54159, -0.215674, 0.9829
5, 5, 9.27164, 2.00107, -3.22921
5, 6, 4.34196, -0.763857, 0.828097
5, 7, 9.00437, -2.65663, 1.87993
5, 8, 11.6238, -0.343527, -5
5, 9, 3.0258, -1.06649, 0.0654935
5, 10, 11.2293, 3.32285, -3.16415
5, 11, 11.9167, -3.29877, -4.09691
5, 12, 11.5324, -3.78818, -2.57714
5, 13, 11.1124, 1.73232, 4.20378
5, 14, 10.6893, 1.45003, 3.5378
5, 15, 12.1799, 1.46455, 4.56772
5, 16, 5.50822, 1.98915, 1.04714
5, 17, 7.45823, 1.70324, 1.94825
5, 18, 5.07239, 0.745167, -1.17825
5, 19, 8.44992, -3.04938, -0.318975
5, 20, 6.37483, -1.7213, 1.10229
5, 21, 11.3894, -5, 0.284899
5, 22, 8.69563, 3.95875, 0.0542776
5, 23, 3.21729, 0.552183, -0.043737
5, 24, 3.01181, 0.0969297, 0.441531
5, 25, 2.7042, 0.3214, 0.171918
5, 26, 2.84712, 0.0796111, 0.409643
5, 27, 3.08322, 1.04607, 0.104788
5, 28, 4.37122, 0.956814, 0.401679
5, 29, 2.5908, 0.971977, 0.00677903
5, 30, 11.8535, -1.70453, 4.39053
5, 31, 3.86032, 0.915129, 0.282183
5, 32, 9.63996, 0.211792, 3.40883
5, 33, 11.6464, 1.74315, 5
5, 34, 10.8519, -4.24931, 2.05384
5, 35, 8.59161, 2.85435, -0.583944
5, 36, 4.33226, -0.406976, 0.881069
5, 37, 4.16034, -1.11297, 1.01866
5, 38, 7.99345, -1.70855, 2.15397
5, 39, 4.28578, -1.12641, 1.03152
5, 40, 3.08242, 0.207324, 0.372532
5, 41, 4.22302, -1.10685, 1.0508
5, 42, 5.62417, -1.10519, 1.2805
5, 43, 3.9199, 0.267958, 0.693748
5, 44, 3.35746, -1.13087, 0.00328804
5, 45, 8.16709, -2.62898, -0.891817
5, 46, 6.69989, -2.16264, -0.245335
5, 47, 7.77101, -1.69725, -1.60057
5, 48, 7.84785, -2.36138, -0.316628
5, 49, 4.13398, -0.672244, -0.339816
6, 0, 3.33529, 0.157677, 0.494326
6, 1, 5.28965, -2.07358, -0.0514908
6, 2, 2.61819, 0.0765548, 0.363409
6, 3, 11.3998, -1.2196, 4.84308
6, 4, 6.1739, 0.295499, 1.54727
6, 5, 9.73876, -3.19401, 1.68696
6, 6, 4.47975, -0.676119, 0.958854
6, 7, 12.2214, 3.9281, -3.46546
6, 8, 11.5836, -2.62715, 3.7043
6, 9, 2.93359, -1.05542, 0.0549463
6, 10, 11.9167, -3.29877, -4.09691
6, 11, 11.5324, -3.78818, -2.57714
6, 12, 11.1124, 1.73232, 4.20378
6, 13, 10.6893, 1.45003, 3.5378
6, 14, 9.96538, 0.247756, 3.52182
6, 15, 9.74923, -0.260891, -3.91531
6, 16, 9.54761, 3.37779, 1.09034
6, 17, 10.1086, 0.652436, 3.46396
6, 18, 6.26639, 1.56076, -0.914876
6, 19, 11.7213, -4.72229, -0.313283
6, 20, 6.80702, -2.15861, 0.276048
6, 21, 8.69563, 3.95875, 0.0542776
6, 22, 7.07736, 2.30729, 0.116922
6, 23, 3.227, 0.561745, -0.039288
6, 24, 3.06734, 0.104573, 0.452194
6, 25, 2.66474, 0.319709, 0.16443
6, 26, 2.78535, 0.082396, 0.394552
6, 27, 3.17986, 1.06158, 0.109054
6, 28, 6.20693, 1.45769, 0.441688
6, 29, 2.59689, 0.977869, 0.00498751
6, 30, 13.5776, -4.89205, -4.31975
6, 31, 4.30772, 0.880795, 0.39809
6, 32, 9.77786, -2.34787, -2.94845
6, 33, 10.8519, -4.24931, 2.05384
6, 34, 8.59161, 2.85435, -0.583944
6, 35, 10.7233, 5, 0.163132
6, 36, 3.8339, -0.243567, 0.70123
6, 37, 6.36964, -1.54716, 0.792778
6, 38, 7.41456, -1.40445, 1.87781
6, 39, 4.15434, -1.061, 0.281774
6, 40, 3.06653, 0.214266, 0.362459
6, 41, 5.98302, -1.01927, 1.40438
6, 42, 8.39906, 0.616718, 2.49731
6, 43, 4.01072, 0.295137, 0.720221
6, 44, 3.43729, -1.14109, -0.00165751
6, 45, 11.871, -5, -0.553494
6, 46, 8.63447, -2.95027, -0.482112
6, 47, 6.29407, -1.65172, -1.02224
6, 48, 3.30726, -1.10482, -0.0773686
6, 49, 2.86644, -0.191841, -0.337598
7, 0, 3.68723, 0.458803, -0.30182
7, 1, 2.69725, 0.228882, -0.27115
7, 2, 2.68226, 0.0730703, 0.377246
7, 3, 9.27164, 2.00107, -3.22921
7, 4, 4.55697, 0.603308, 0.913947
7, 5, 8.53406, -2.80031, 1.9201
7, 6, 6.28537, -0.981508, 1.59346
7, 7, 11.5836, -2.62715, 3.7043
7, 8, 11.2293, 3.32285, -3.16415
7, 9, 2.95458, -1.06484, 0.0432408
7, 10, 11.5324, -3.78818, -2.57714
7, 11, 11.1124, 1.73232, 4.20378
7, 12, 10.6893, 1.45003, 3.5378
7, 13, 9.96538, 0.247756, 3.52182
7, 14, 9.74923, -0.260891, -3.91531
7, 15, 8.95252, 0.96773, -4.0392
7, 16, 6.09034, -0.452468, 1.4099
7, 17, 6.66829, -2.16195, 1.11923
7, 18, 9.6285, 3.42347, -0.903443
7, 19, 12.2468, -3.76857, 3.74222
7, 20, 6.23047, -1.76802, 0.280805
7, 21, 10.4011, 3.71583, -0.490382
7, 22, 3.05847, 0.373857, 0.19941
7, 23, 3.2278, 0.568297, -0.0301486
7, 24, 3.04146, 0.103123, 0.445775
7, 25, 2.62627, 0.322096, 0.151495
7, 26, 2.83253, 0.0956859, 0.398208
7, 27, 3.1954, 1.05318, 0.120368
7, 28, 4.76107, 1.05624, 0.472881
7, 29, 2.58475, 0.963891, -0.00735462
7, 30, 9.63996, 0.211792, 3.40883
7, 31, 5.50149, 1.26008, 0.410382
7, 32, 10.8519, -4.24931, 2.05384
7, 33, 8.59161, 2.85435, -0.583944
7, 34, 11.4015, 5, 0.287536
7, 35, 4.16034, -1.11297, 1.01866
7, 36, 3.92576, 0.421737, 0.42332
7, 37, 6.54527, -1.66528, 0.714253
7, 38, 4.38773, 0.777809, 0.430508
7, 39, 4.6926, -1.0626, 0.425934
7, 40, 3.03885, 0.215213, 0.355121
7, 41, 7.08012, -0.0914718, 2.31887
7, 42, 7.88123, 0.814637, 2.87262
7, 43, 5.82058, 1.81897, 0.917282
7, 44, 6.12897, -2.19055, 0.0561198
7, 45, 7.77101, -1.69725, -1.60057
7, 46, 9.86246, -3.36274, -0.414802
7, 47, 4.57346, -0.598945, -0.809691
7, 48, 0.416875, -0.0335548, -0.0771362
7, 49, 2.80634, -0.186354, -0.329837
8, 0, 3.32266, 0.545088, -0.110579
8, 1, 2.61869, 0.225833, -0.259043
8, 2, 2.65168, 0.0780729, 0.369173
8, 3, 9.73876, -3.19401, 1.68696
8, 4, 5.44062, 0.537777, 1.21081
8, 5, 6.90341, 0.0188352, 2.98557
8, 6, 6.62776, -1.67257, 0.527535
8, 7, 11.2293, 3.32285, -3.16415
8, 8, 11.9167, -3.29877, -4.09691
8, 9, 2.99629, -1.07431, 0.036798
8, 10, 11.1124, 1.73232, 4.20378
8, 11, 10.6893, 1.45003, 3.5378
8, 12, 9.96538, 0.247756, 3.52182
8, 13, 9.74923, -0.260891, -3.91531
8, 14, 8.35711, -3.18352, -0.15597
8, 15, 11.4218, 0.292028, -5
8, 16, 5.0325, -0.745635, 1.17112
8, 17, 11.0657, -4.35995, 1.11068
8, 18, 12.2468, -3.76857, 3.74222
8, 19, 8.69563, 3.95875, 0.0542776
8, 20, 3.50585, 0.271654, 0.427977
8, 21, 8.84395, 2.86869, 1.33471
8, 22, 3.05347, 0.242925, 0.332927
8, 23, 3.28003, 0.553705, -0.0838779
8, 24, 3.00505, 0.105212, 0.434457
8, 25, 2.70083, 0.333724, 0.154694
8, 26, 2.85912, 0.0883395, 0.408109
8, 27, 3.29178, 0.712093, 0.0894389
8, 28, 5.87296, 1.31856, 0.550684
8, 29, 2.5836, 0.964421, 0.00116745
8, 30, 9.77786, -2.34787, -2.94845
8, 31, 7.6233, 2.26462, 0.393455
8, 32, 8.59161, 2.85435, -0.583944
8, 33, 12.7639, 4.61093, 3.16281
8, 34, 4.16034, -1.11297, 1.01866
8, 35, 6.34973, -1.48346, 0.54952
8, 36, 4.27177, 0.788123, 0.382826
8, 37, 5.01736, -1.13566, 0.444162
8, 38, 4.32626, 0.555024, 0.489482
8, 39, 4.61667, -1.0905, 0.36245
8, 40, 3.02788, 0.225546, 0.343196
8, 41, 7.9381, -0.135787, 2.57253
8, 42, 9.48711, 0.979882, 3.75783
8, 43, 8.64631, 2.72648, 0.539591
8, 44, 7.59095, -2.43057, -0.101825
8, 45, 5.48394, -1.96856, -1.0443
8, 46, 9.07234, 2.49411, 1.47517
8, 47, 4.04978, -0.315894, -0.808822
8, 48, 0.362319, -0.0287541, -0.0703456
8, 49, 2.82677, -0.195324, -0.326494
9, 0, 4.25069, 0.65554, 0.390673
9, 1, 2.67851, 0.230279, -0.266219
9, 2, 2.65609, 0.0709751, 0.372922
9, 3, 6.38679, 0.518388, -1.508
9, 4, 6.6246, 0.526115, 1.66926
9, 5, 3.22377, -0.110603, 1.0684
9, 6, 4.16191, -0.343587, 0.757911
9, 7, 11.9167, -3.29877, -4.09691
9, 8, 11.5324, -3.78818, -2.57714
9, 9, 2.99353, -1.07046, 0.0461397
9, 10, 10.6893, 1.45003, 3.5378
9, 11, 9.96538, 0.247756, 3.52182
9, 12, 9.74923, -0.260891, -3.91531
9, 13, 8.35711, -3.18352, -0.15597
9, 14, 6.84107, -1.97487, -1.27182
9, 15, 6.66829, -2.16195, 1.11923
9, 16, 6.71139, -1.59217, 1.15727
9, 17, 12.2468, -3.76857, 3.74222
9, 18, 8.69563, 3.95875, 0.0542776
9, 19, 6.86847, 2.26671, -0.12799
9, 20, 3.38696, 0.265182, 0.397808
9, 21, 10.2298, 2.29288, 3.1988
9, 22, 3.04762, 0.260374, 0.314958
9, 23, 3.05604, 0.427605, 0.133992
9, 24, 3.04159, 0.115548, 0.437301
9, 25, 2.70074, 0.327194, 0.163494
9, 26, 2.86287, 0.0922675, 0.406914
9, 27, 5.16049, 1.31854, -0.184844
9, 28, 4.65649, 1.21737, 0.206703
9, 29, 2.58192, 0.959203, -0.00538467
9, 30, 10.8519, -4.24931, 2.05384
9, 31, 6.61185, 1.72453, 0.460993
9, 32, 11.6764, 5, -0.36006
9, 33, 4.16034, -1.11297, 1.01866
9, 34, 6.37635, -1.51754, 0.740478
9, 35, 6.6643, -1.87794, 0.53126
9, 36, 2.81386, 0.127322, 0.375223
9, 37, 4.42032, -0.633082, 0.487218
9, 38, 4.37375, 0.522933, 0.549357
9, 39, 4.06783, -0.327373, 0.867376
9, 40, 3.01039, 0.222808, 0.341721
9, 41, 8.46306, 0.169077, 3.19131
9, 42, 10.4916, -3.58622, 1.88627
9, 43, 10.3477, 3.60876, 0.592208
9, 44, 7.71577, -2.72021, -0.0889628
9, 45, 4.29683, -1.00492, -0.756073
9, 46, 7.63606, 2.48208, 0.00587565
9, 47, 1.7305, -0.167316, -0.166836
9, 48, 0.36747, -0.0367272, -0.0673734
9, 49, 2.84054, -0.200957, -0.324506
10, 0, 3.98694, 0.474777, 0.397895
10, 1, 2.62919, 0.223891, -0.262845
10, 2, 2.64264, 0.0720119, 0.369906
10, 3, 8.91213, -0.17124, -3.26487
10, 4, 4.50021, 0.807321, 0.493999
10, 5, 5.41457, -0.0648762, 1.78602
10, 6, 4.80269, -0.657018, 1.07643
10, 7, 11.5324, -3.78818, -2.57714
10, 8, 11.1124, 1.73232, 4.20378
10, 9, 2.99487, -1.06756, 0.0532153
10, 10, 9.96538, 0.247756, 3.52182
10, 11, 9.74923, -0.260891, -3.91531
10, 12, 8.35711, -3.18352, -0.15597
10, 13, 12.6202, 3.79754, -4.24848
10, 14, 9.16317, -2.75475, -1.71796
10, 15, 9.30236, -3.31004, 1.11453
10, 16, 9.28805, -2.74331, 1.62785
10, 17, 8.69563, 3.95875, 0.0542776
10, 18, 9.51919, 2.26908, 2.84352
10, 19, 3.43213, 0.534216, 0.159719
10, 20, 3.09824, 0.203873, 0.379492
10, 21, 7.66415, -0.507385, -2.24645
10, 22, 3.76493, 0.254278, 0.838114
10, 23, 0.411055, -0.00907693, 0.0829143
10, 24, 1.45761, 0.208022, 0.0390009
10, 25, 2.715, 0.330729, 0.16242
10, 26, 2.80262, 0.0824834, 0.398275
10, 27, 5.61919, 1.25123, -0.573364
10, 28, 6.6322, 2.09753, -0.306167
10, 29, 2.58002, 0.950705, -0.001277
10, 30, 8.59161, 2.85435, -0.583944
10, 31, 8.51168, 2.89569, 0.406542
10, 32, 4.16034, -1.11297, 1.01866
10, 33, 6.44311, -1.56295, 0.743308
10, 34, 6.4063, -1.72828, 0.775674
10, 35, 4.24523, -0.752947, 0.949805
10, 36, 2.79811, 0.131487, 0.369179
10, 37, 4.43798, -0.585643, 0.532906
10, 38, 3.47229, 0.150191, 0.720548
10, 39, 4.37844, -0.359425, 1.02684
10, 40, 3.33677, 0.315252, 0.333358
10, 41, 10.4916, -3.58622, 1.88627
10, 42, 7.77101, -1.69725, -1.60057
10, 43, 6.62362, -0.604956, 1.8667
10, 44, 9.07234, 2.49411, 1.47517
10, 45, 3.90981, -0.270374, -0.754717
10, 46, 6.11304, 1.39079, 0.56052
10, 47, 1.76005, -0.174492, -0.164162
10, 48, 0.374497, -0.0417964, -0.0655845
10, 49, 2.87078, -0.197318, -0.33387
11, 0, 4.27877, 0.727501, 0.386326
11, 1, 2.64838, 0.224834, -0.265587
11, 2, 2.62499, 0.0791539, 0.363605
11, 3, 11.5836, -2.62715, 3.7043
11, 4, 3.32571, 0.342499, 0.303084
11, 5, 8.38656, -0.333643, 3.00111
11, 6, 6.48078, -0.379328, 1.68215
11, 7, 11.1124, 1.73232, 4.20378
11, 8, 10.6893, 1.45003, 3.5378
11, 9, 2.96223, -1.02354, -0.0987517
11, 10, 9.74923, -0.260891, -3.91531
11, 11, 8.35711, -3.18352, -0.15597
11, 12, 9.37834, -1.15002, 3.95998
11, 13, 6.66829, -2.16195, 1.11923
11, 14, 7.67199, -2.48274, 0.0588749
11, 15, 12.2468, -3.76857, 3.74222
11, 16, 8.69563, 3.95875, 0.0542776
11, 17, 9.51919, 2.26908, 2.84352
11, 18, 8.84395, 2.86869, 1.33471
11, 19, 2.74437, 0.386105, 0.0818634
11, 20, 3.73693, 0.215289, 0.67781
11, 21, 11.8921, -0.506138, -5
11, 22, 3.12203, 0.118092, 0.827254
11, 23, 0.465658, -0.0144198, 0.0901146
11, 24, 1.48245, 0.211236, 0.0380237
11, 25, 2.63686, 0.321835, 0.154565
11, 26, 2.83127, 0.0828684, 0.404473
11, 27, 6.24176, 1.80161, -1.12589
11, 28, 10.2444, 3.99185, -0.385484
11, 29, 2.58041, 0.955895, -0.00233871
11, 30, 13.9196, -4.68555, 4.31478
11, 31, 4.16034, -1.11297, 1.01866
11, 32, 6.37429, -1.48836, 0.618646
11, 33, 6.61514, -1.91353, 0.613131
11, 34, 2.49216, -0.25691, -0.203135
11, 35, 4.54401, -0.394399, 1.04295
11, 36, 2.77736, 0.13209, 0.364509
11, 37, 3.21967, -0.0361055, 0.694414
11, 38, 3.16456, 0.107888, 0.795684
11, 39, 5.82656, -0.709266, 1.32026
11, 40, 2.77882, 0.380104, 0.107404
11, 41, 7.77101, -1.69725, -1.60057
11, 42, 5.46868, -2.01826, -1.00389
11, 43, 6.56515, -0.499926, 1.62366
11, 44, 7.63606, 2.48208, 0.00587565
11, 45, 3.27524, -0.131445, -0.499262
11, 46, 7.25989, 2.15785, 0.451931
11, 47, 1.7802, -0.1791, -0.162535
11, 48, 0.41288, -0.0384888, -0.0740971
11, 49, 2.17917, 0.0913708, -0.284485
12, 0, 4.20235, 0.711797, 0.35858
12, 1, 2.71044, 0.231381, -0.271362
12, 2, 2.64772, 0.0747753, 0.369779
12, 3, 11.2293, 3.32285, -3.16415
12, 4, 4.33689, 0.576034, 0.478321
12, 5, 11.5324, -3.78818, -2.57714
12, 6, 4.28845, -0.926037, 0.740431
12, 7, 10.6893, 1.45003, 3.5378
12, 8, 9.96538, 0.247756, 3.52182
12, 9, 4.83497, -1.08085, -0.465641
12, 10, 8.35711, -3.18352, -0.15597
12, 11, 12.6202, 3.79754, -4.24848
12, 12, 6.66829, -2.16195, 1.11923
12, 13, 9.46333, -3.35035, 1.10285
12, 14, 11.4246, -4.67856, 0.185944
12, 15, 8.69563, 3.95875, 0.0542776
12, 16, 9.51919, 2.26908, 2.84352
12, 17, 8.84395, 2.86869, 1.33471
12, 18, 10.2298, 2.29288, 3.1988
12, 19, 2.91512, 0.42645, 0.0785587
12, 20, 3.36063, 0.19181, 0.956708
12, 21, 11.9268, 4.65148, 1.27966
12, 22, 0.846297, 0.129765, -0.0516203
12, 23, 0.456343, -0.0114738, 0.0892188
12, 24, 1.40214, 0.203082, 0.0308241
12, 25, 2.66125, 0.322188, 0.160247
12, 26, 2.22901, -0.0140331, 0.313131
12, 27, 9.6302, 3.62143, -0.063177
12, 28, 8.59161, 2.85435, -0.583944
12, 29, 2.58097, 0.948085, 0.00485259
12, 30, 4.16034, -1.11297, 1.01866
12, 31, 6.33924, -1.48849, 0.71472
12, 32, 6.70306, -1.9573, 0.562064
12, 33, 1.3974, -0.180561, 0.090151
12, 34, 2.49827, -0.253439, -0.208172
12, 35, 6.07036, -0.339705, 1.46124
12, 36, 3.86674, 0.289229, 0.55937
12, 37, 3.04607, -0.042176, 0.774756
12, 38, 2.79433, -0.0899411, 0.963941
12, 39, 4.41191, -0.477394, 0.641434
12, 40, 3.37123, 0.430589, 0.228652
12, 41, 6.62362, -0.604956, 1.8667
12, 42, 4.69819, -1.03255, -0.479128
12, 43, 6.46793, -0.764327, 1.62119
12, 44, 6.95517, 2.91965, -0.0316374
12, 45, 3.86645, -0.534747, -0.304553
12, 46, 10.037, 3.42392, 0.632489
12, 47, 1.80899, -0.176068, -0.170338
12, 48, 0.359611, -0.0327901, -0.0680701
12, 49, 2.18742, 0.0982314, -0.282395
13, 0, 3.65474, 0.666401, 0.191445
13, 1, 3.52737, 0.485851, -0.227474
13, 2, 4.57474, 0.654013, 0.599724
13, 3, 11.9167, -3.29877, -4.09691
13, 4, 4.64356, 0.990421, 0.595511
13, 5, 11.1124, 1.73232, 4.20378
13, 6, 4.39472, -0.539317, 0.546506
13, 7, 9.96538, 0.247756, 3.52182
13, 8, 9.74923, -0.260891, -3.91531
13, 9, 7.43862, -2.19333, -0.486138
13, 10, 6.54987, -1.69334, -0.710346
13, 11, 6.66829, -2.16195, 1.11923
13, 12, 9.99576, -3.54421, 1.11624
13, 13, 12.2468, -3.76857, 3.74222
13, 14, 8.69563, 3.95875, 0.0542776
13, 15, 9.51919, 2.26908, 2.84352
13, 16, 8.84395, 2.86869, 1.33471
13, 17, 10.2298, 2.29288, 3.1988
13, 18, 7.66415, -0.507385, -2.24645
13, 19, 2.60247, 0.360053, -0.077535
13, 20, 4.5448, 0.621795, 0.865345
13, 21, 10.1811, -2.93857, 3.96015
13, 22, 0.870169, 0.132484, -0.0524471
13, 23, 0.420367, -0.019, 0.0825731
13, 24, 1.41369, 0.203408, 0.0360685
13, 25, 1.79009, 0.0290869, 0.250957
13, 26, 2.25382, -0.0205705, 0.316291
13, 27, 8.59161, 2.85435, -0.583944
13, 28, 13.9196, -4.68555, 4.31478
13, 29, 2.58184, 0.946373, 0.00641975
13, 30, 5.45745, -1.22149, 0.496471
13, 31, 6.78377, -2.09558, 0.702231
13, 32, 4.46307, -0.617196, 0.525528
13, 33, 1.35207, -0.177357, 0.0855021
13, 34, 2.5157, -0.252929, -0.212123
13, 35, 7.51799, -0.0746024, 2.77646
13, 36, 3.45036, 0.127275, 0.632776
13, 37, 2.69594, -0.0554211, 0.910797
13, 38, 4.28444, -0.502925, 0.514475
13, 39, 4.5588, -0.632996, 0.820334
13, 40, 3.9915, 0.407455, 0.466355
13, 41, 5.82206, 0.190852, 1.49165
13, 42, 4.12294, -0.454207, -0.478627
13, 43, 4.58288, -0.776259, 0.635362
13, 44, 10.2373, 5, 0.0614298
13, 45, 3.53502, -0.795395, -0.193489
13, 46, 11.8857, 1.81919, -4.68189
13, 47, 1.73992, -0.170808, -0.164775
13, 48, 0.331624, -0.0264571, -0.0661405
13, 49, 2.16412, 0.100802, -0.277654
14, 0, 2.63108, 0.905573, 0.0129101
14, 1, 1.6266, -0.00119585, -0.232877
14, 2, 5.59158, 1.01523, 1.32113
14, 3, 11.5324, -3.78818, -2.57714
14, 4, 3.07325, -0.0397964, 0.489031
14, 5, 10.6893, 1.45003, 3.5378
14, 6, 3.11546, -0.512652, -0.0024638
14, 7, 9.74923, -0.260891, -3.91531
14, 8, 8.35711, -3.18352, -0.15597
14, 9, 4.58044, -0.715093, -0.713177
14, 10, 8.04597, -2.35421, -0.587821
14, 11, 8.30476, -2.54273, 1.11128
14, 12, 12.2468, -3.76857, 3.74222
14, 13, 8.69563, 3.95875, 0.0542776
14, 14, 9.51919, 2.26908, 2.84352
14, 15, 8.84395, 2.86869, 1.33471
14, 16, 10.2298, 2.29288, 3.1988
14, 17, 7.66415, -0.507385, -2.24645
14, 18, 11.8547, -0.655714, -4.68262
14, 19, 1.50655, 0.211207, -0.0495383
14, 20, 4.94532, 1.12447, 0.685887
14, 21, 6.66709, 1.76758, -0.537456
14, 22, 0.838191, 0.125496, -0.0586182
14, 23, 0.452858, -0.0186975, 0.0874428
14, 24, 1.37834, 0.200054, 0.0318564
14, 25, 1.80628, 0.0230165, 0.253891
14, 26, 2.24569, -0.0164929, 0.315457
14, 27, 13.9196, -4.68555, 4.31478
14, 28, 4.16034, -1.11297, 1.01866
14, 29, 4.40696, 1.23336, -0.117273
14, 30, 6.03764, -1.39508, 0.4442
14, 31, 4.45285, 0.871467, 0.689683
14, 32, 3.7889, -0.233507, 0.638765
14, 33, 1.33289, -0.176883, 0.0818329
14, 34, 2.51827, -0.247024, -0.218937
14, 35, 9.44424, 0.487212, 3.22308
14, 36, 3.64359, 0.216762, 0.794594
14, 37, 3.25256, -0.0779075, 0.543904
14, 38, 4.57473, -0.776835, 0.570915
14, 39, 4.33702, -0.702656, 0.41519
14, 40, 3.31306, 0.303999, 0.338163
14, 41, 5.5238, -0.0265165, 1.48964
14, 42, 2.51062, -0.286949, -0.171108
14, 43, 6.71907, -1.9831, 0.468863
14, 44, 8.1325, -2.53462, 0.89446
14, 45, 1.94614, -0.0572573, -0.264856
14, 46, 12.3794, 3.41925, 3.61616
14, 47, 1.69039, -0.164927, -0.162983
14, 48, 0.300588, -0.02407, -0.0617388
14, 49, 2.20484, 0.106508, -0.280707
15, 0, 2.14617, 0.291299, 0.0619532
15, 1, 1.6717, -0.00559421, -0.23834
15, 2, 6.64809, 1.91425, 1.96318
15, 3, 11.1124, 1.73232, 4.20378
15, 4, 0.552132, -0.0336913, 0.0973122
15, 5, 9.96538, 0.247756, 3.52182
15, 6, 3.20337, -0.53046, -0.0634932
15, 7, 8.35711, -3.18352, -0.15597
15, 8, 12.6202, 3.79754, -4.24848
15, 9, 4.90067, -1.07868, -0.56564
15, 10, 10.3234, -3.86139, -0.571175
15, 11, 12.2468, -3.76857, 3.74222
15, 12, 8.69563, 3.95875, 0.0542776
15, 13, 9.51919, 2.26908, 2.84352
15, 14, 8.84395, 2.86869, 1.33471
15, 15, 10.2298, 2.29288, 3.1988
15, 16, 7.66415, -0.507385, -2.24645
15, 17, 11.8556, -0.445958, -5
15, 18, 11.9268, 4.65148, 1.27966
15, 19, 1.46226, 0.207289, -0.0442581
15, 20, 4.50819, 0.681097, 0.825868
15, 21, 10.3122, 3.32278, -2.17655
15, 22, 0.823927, 0.125778, -0.0540731
15, 23, 0.4314, -0.021828, 0.0835116
15, 24, 1.33536, 0.194388, 0.0345949
15, 25, 1.80424, 0.0268223, 0.253113
15, 26, 3.45161, -0.129708, -0.616373
15, 27, 4.16034, -1.11297, 1.01866
15, 28, 6.24554, -1.43472, 0.612338
15, 29, 5.82954, 1.62753, -0.12257
15, 30, 7.77628, 1.65423, 1.61037
15, 31, 5.58646, 0.506161, 1.25055
15, 32, 3.57485, -0.229388, 0.928119
15, 33, 1.26331, -0.171372, 0.0754731
15, 34, 2.42336, -0.275937, -0.166177
15, 35, 9.4004, -3.06522, -1.48366
15, 36, 4.32694, 0.641994, 0.431514
15, 37, 3.05081, -0.139765, 0.962697
15, 38, 3.77155, -0.86445, 0.260689
15, 39, 3.48243, -0.368962, 0.321405
15, 40, 2.457, 0.0680169, 0.337854
15, 41, 5.33905, 0.178059, 1.35975
15, 42, 2.95335, -0.376107, -0.167836
15, 43, 11.0843, -4.67278, -0.00438019
15, 44, 11.8857, 1.81919, -4.68189
15, 45, 1.90003, -0.0526983, -0.260034
15, 46, 10.4043, 4.1164, 1.25428
15, 47, 1.64958, -0.162699, -0.158875
15, 48, 0.306523, -0.0187448, -0.064588
15, 49, 3.23052, 0.104321, -0.764355
16, 0, 3.03815, 0.402438, 0.160043
16, 1, 1.69937, -0.0103294, -0.241561
16, 2, 4.48107, 1.24745, 0.109531
16, 3, 10.6893, 1.45003, 3.5378
16, 4, 0.58278, -0.0333816, 0.101714
16, 5, 9.74923, -0.260891, -3.91531
16, 6, 2.88632, -0.846951, -0.0686467
16, 7, 3.71692, -0.779715, -0.228805
16, 8, 6.66829, -2.16195, 1.11923
16, 9, 6.45624, -1.53524, -0.550739
16, 10, 12.2468, -3.76857, 3.74222
16, 11, 8.69563, 3.95875, 0.0542776
16, 12, 6.56495, 2.25204, 0.0426688
16, 13, 8.84395, 2.86869, 1.33471
16, 14, 10.2298, 2.29288, 3.1988
16, 15, 7.66415, -0.507385, -2.24645
16, 16, 11.5635, -0.326548, -5
16, 17, 11.9268, 4.65148, 1.27966
16, 18, 10.1811, -2.93857, 3.96015
16, 19, 1.48199, 0.209498, -0.04493
16, 20, 7.03574, 1.54246, 1.26194
16, 21, 9.63996, 0.211792, 3.40883
16, 22, 0.81498, 0.122843, -0.0577586
16, 23, 0.459176, -0.0271396, 0.0860789
16, 24, 1.36408, 0.197956, 0.0338649
16, 25, 1.84023, 0.0209653, 0.258506
16, 26, 3.24871, -0.15115, -0.470076
16, 27, 5.41542, -1.20387, 0.550252
16, 28, 6.65979, -1.79165, 0.511127
16, 29, 2.92109, -0.294094, -0.252796
16, 30, 7.9116, 0.960921, 2.72961
16, 31, 5.59223, 0.574864, 1.24469
16, 32, 5.81293, 0.122622, 1.58337
16, 33, 1.27238, -0.172913, 0.0746434
16, 34, 3.65586, -0.457951, -0.292194
16, 35, 10.4916, -3.58622, 1.88627
16, 36, 4.52353, 0.723311, 0.518415
16, 37, 3.52683, -0.159212, 0.699795
16, 38, 3.11198, -0.335249, 0.254956
16, 39, 2.81687, -0.199276, 0.321128
16, 40, 2.3669, 0.196452, 0.241258
16, 41, 4.21606, 0.290786, 1.06518
16, 42, 3.20197, -0.479111, -0.124458
16, 43, 11.8857, 1.81919, -4.68189
16, 44, 12.3794, 3.41925, 3.61616
16, 45, 0.762737, 0.00794744, -0.129955
16, 46, 9.31612, 1.67099, 3.08117
16, 47, 1.63457, -0.157707, -0.161546
16, 48, 0.340464, -0.0185732, -0.0702506
16, 49, 2.48498, 0.0227176, -0.353741
17, 0, 3.65089, 0.725358, 0.19852
17, 1, 1.65858, -0.00829141, -0.236615
17, 2, 2.92734, 0.875913, 0.100741
17, 3, 9.96538, 0.247756, 3.52182
17, 4, 0.550685, -0.0336885, 0.0971082
17, 5, 8.35711, -3.18352, -0.15597
17, 6, 1.32921, -0.196155, -0.0196332
17, 7, 3.46518, -1.03204, -0.181983
17, 8, 9.40751, -3.33663, 1.10546
17, 9, 7.94888, -2.54452, -0.153236
17, 10, 8.69563, 3.95875, 0.0542776
17, 11, 9.51919, 2.26908, 2.84352
17, 12, 2.73292, 1.02757, 0.0165055
17, 13, 10.2298, 2.29288, 3.1988
17, 14, 7.66415, -0.507385, -2.24645
17, 15, 10.6496, -0.595051, -4.11566
17, 16, 11.9268, 4.65148, 1.27966
17, 17, 10.1811, -2.93857, 3.96015
17, 18, 6.66709, 1.76758, -0.537456
17, 19, 1.44624, 0.203743, -0.050012
17, 20, 6.25785, 1.48528, 0.428141
17, 21, 9.77786, -2.34787, -2.94845
17, 22, 0.768725, 0.117844, -0.0553424
17, 23, 0.447653, -0.0237815, 0.0853919
17, 24, 1.3273, 0.192444, 0.0389411
17, 25, 1.31015, 0.0309075, 0.192145
17, 26, 2.85032, -0.206187, -0.321992
17, 27, 6.25509, -1.45547, 0.500242
17, 28, 7.64331, -2.48537, 0.0010742
17, 29, 3.64851, -0.21778, -0.557307
17, 30, 8.35472, 0.331482, -2.56842
17, 31, 6.08493, 0.00801644, 2.1926
17, 32, 5.75209, 0.150867, 1.50249
17, 33, 1.29465, -0.176519, 0.0728979
17, 34, 3.40595, -0.932547, -0.20083
17, 35, 7.77101, -1.69725, -1.60057
17, 36, 4.01284, 0.796567, 0.304209
17, 37, 3.37676, -0.17764, 0.487539
17, 38, 2.70132, -0.247034, 0.25446
17, 39, 2.01713, -0.110873, 0.251058
17, 40, 2.63844, 0.330308, 0.142932
17, 41, 3.80318, 0.270751, 0.900198
17, 42, 3.00816, -0.184614, -0.374836
17, 43, 12.3794, 3.41925, 3.61616
17, 44, 10.4043, 4.1164, 1.25428
17, 45, 0.734755, 0.00991332, -0.12633
17, 46, 9.89506, 3.99392, -2.13692
17, 47, 1.6685, -0.157545, -0.166876
17, 48, 0.331815, -0.0236997, -0.0672246
17, 49, 1.7571, 0.0271301, -0.247065
18, 0, 3.18141, 0.400432, -0.204137
18, 1, 0.28852, 0.0495643, -0.0408417
18, 2, 3.03249, 0.830666, 0.0980601
18, 3, 9.74923, -0.260891, -3.91531
18, 4, 0.558875, -0.0372258, 0.0969349
18, 5, 12.6202, 3.79754, -4.24848
18, 6, 1.34835, -0.198557, -0.0183896
18, 7, 5.88211, -1.53234, -0.180572
18, 8, 12.2468, -3.76857, 3.74222
18, 9, 8.69563, 3.95875, 0.0542776
18, 10, 9.51919, 2.26908, 2.84352
18, 11, 8.84395, 2.86869, 1.33471
18, 12, 3.26205, 0.611845, -0.0298749
18, 13, 7.66415, -0.507385, -2.24645
18, 14, 11.4767, -0.452765, -4.34833
18, 15, 11.9268, 4.65148, 1.27966
18, 16, 10.1811, -2.93857, 3.96015
18, 17, 6.66709, 1.76758, -0.537456
18, 18, 10.5945, 3.14704, -2.53431
18, 19, 1.43921, 0.203978, -0.0462244
18, 20, 7.91078, 2.31292, 0.580998
18, 21, 10.8519, -4.24931, 2.05384
18, 22, 0.794743, 0.121016, -0.0559912
18, 23, 0.4912, -0.0289877, 0.0901861
18, 24, 1.31925, 0.191207, 0.040073
18, 25, 1.32739, 0.0290091, 0.194538
18, 26, 2.6669, -0.212477, -0.280402
18, 27, 0.963958, -0.136923, 0.0684644
18, 28, 5.46144, -1.99929, 0.153009
18, 29, 3.99644, -0.290744, -0.715
18, 30, 13.0384, 4.13312, -4.76987
18, 31, 7.83689, 0.0816466, 2.57859
18, 32, 5.91874, 0.234557, 1.98652
18, 33, 1.33462, -0.180504, 0.0749937
18, 34, 5.36408, -1.31834, -0.250322
18, 35, 6.93695, -2.18245, -0.786107
18, 36, 3.46199, 0.413693, 0.271852
18, 37, 3.48869, 0.214273, 0.486931
18, 38, 1.73816, -0.166457, 0.168884
18, 39, 2.44401, -0.277271, 0.168925
18, 40, 3.39917, 0.598402, 0.114073
18, 41, 6.44617, 0.357685, 1.77386
18, 42, 3.12156, 0.509686, -0.0328224
18, 43, 10.4043, 4.1164, 1.25428
18, 44, 9.31612, 1.67099, 3.08117
18, 45, 0.757451, 0.014351, -0.128705
18, 46, 11.3351, 0.137242, -4.53007
18, 47, 1.8812, -0.262403, -0.0311685
18, 48, 0.303973, -0.0244902, -0.0621647
18, 49, 1.78206, 0.02307, -0.250792
19, 0, 1.34034, 0.198622, -0.00285516
19, 1, 0.275957, 0.0498251, -0.0371345
19, 2, 3.55343, 0.875997, 0.220806
19, 3, 8.35711, -3.18352, -0.15597
19, 4, 0.517106, -0.0332283, 0.0924628
19, 5, 6.66829, -2.16195, 1.11923
19, 6, 1.61209, -0.23025, -0.0174043
19, 7, 7.81893, -2.6123, -0.0670949
19, 8, 8.69563, 3.95875, 0.0542776
19, 9, 9.51919, 2.26908, 2.84352
19, 10, 8.84395, 2.86869, 1.33471
19, 11, 10.2298, 2.29288, 3.1988
19, 12, 3.27991, 0.703915, -0.0793915
19, 13, 11.8108, -0.422782, -4.52643
19, 14, 11.9268, 4.65148, 1.27966
19, 15, 10.1811, -2.93857, 3.96015
19, 16, 6.66709, 1.76758, -0.537456
19, 17, 10.163, 3.5239, 0.366016
19, 18, 9.63996, 0.211792, 3.40883
19, 19, 2.82963, 0.385359, -0.116712
19, 20, 10.5881, 4.11319, 0.625003
19, 21, 8.59161, 2.85435, -0.583944
19, 22, 0.741814, 0.116083, -0.0514493
19, 23, 0.501278, -0.0301593, 0.0912583
19, 24, 1.30905, 0.189409, 0.0423403
19, 25, 1.33015, 0.0277202, 0.195089
19, 26, 0.194251, -0.047312, 0.00585825
19, 27, 0.934306, -0.134731, 0.0652836
19, 28, 5.4236, -1.84264, 0.120958
19, 29, 5.66976, -0.0274936, -1.5832
19, 30, 5.49304, -1.23226, -0.663762
19, 31, 9.78771, 1.26132, 3.30785
19, 32, 5.31916, 0.42104, 1.21361
19, 33, 1.34266, -0.18229, 0.0733089
19, 34, 5.68563, -1.47212, -0.15468
19, 35, 4.66425, -0.994719, -0.555021
19, 36, 1.93175, -0.00106745, 0.271691
19, 37, 2.19894, 0.11922, 0.272635
19, 38, 3.03701, -0.421817, 0.135035
19, 39, 2.94725, -0.404929, 0.127568
19, 40, 3.07512, 0.363467, 0.215402
19, 41, 3.66084, 0.19461, 0.688125
19, 42, 0.556488, -0.099488, -0.0289547
19, 43, 9.31612, 1.67099, 3.08117
19, 44, 9.89506, 3.99392, -2.13692
19, 45, 0.796146, 0.0144955, -0.133473
19, 46, 12.4735, -4.35748, 2.57206
19, 47, 2.22027, -0.295451, 0.0803359
19, 48, 0.306727, -0.0254427, -0.0622599
19, 49, 0.324039, -0.0381104, -0.0586911
20, 0, 1.25025, 0.182121, 0.0433302
20, 1, 0.289325, 0.0495642, -0.0410498
20, 2, 6.05008, 1.56767, 0.226739
20, 3, 5.23785, -1.33631, -0.181056
20, 4, 0.530511, -0.0353903, 0.093582
20, 5, 9.50004, -3.35658, 1.10642
20, 6, 2.63182, -0.382368, -0.00278175
20, 7, 5.49618, -2.09581, -0.0757193
20, 8, 9.51919, 2.26908, 2.84352
20, 9, 8.84395, 2.86869, 1.33471
20, 10, 10.2298, 2.29288, 3.1988
20, 11, 7.66415, -0.507385, -2.24645
20, 12, 3.62906, 0.563838, -0.208058
20, 13, 11.9268, 4.65148, 1.27966
20, 14, 10.1811, -2.93857, 3.96015
20, 15, 6.66709, 1.76758, -0.537456
20, 16, 10.3073, 4.23218, -0.892547
20, 17, 9.63996, 0.211792, 3.40883
20, 18, 9.77786, -2.34787, -2.94845
20, 19, 3.15848, 0.7513, -0.0676054
20, 20, 8.59161, 2.85435, -0.583944
20, 21, 13.9196, -4.68555, 4.31478
20, 22, 0.730068, 0.114971, -0.0504307
20, 23, 0.520274, -0.0318678, 0.0934123
20, 24, 1.73856, 0.243929, 0.0320122
20, 25, 0.102116, -0.028425, 0.00213299
20, 26, 0.181953, -0.0452295, 0.00283644
20, 27, 0.921731, -0.1344, 0.0627151
20, 28, 3.1178, -0.356857, 0.233643
20, 29, 5.39643, -0.036768, -1.776
20, 30, 5.70243, -1.95997, -0.861564
20, 31, 10.4916, -3.58622, 1.88627
20, 32, 6.52591, 0.575976, 1.57215
20, 33, 1.46259, -0.210343, 0.0306143
20, 34, 3.33559, -0.751406, -0.126446
20, 35, 4.27676, -0.463596, -0.553775
20, 36, 0.475924, -0.0111351, 0.0920516
20, 37, 2.35712, 0.212759, 0.224331
20, 38, 3.44189, -0.743498, 0.151009
20, 39, 3.02238, -0.267527, 0.302251
20, 40, 3.25394, 0.628687, 0.010722
20, 41, 3.16507, 0.0751968, 0.505208
20, 42, 0.538124, -0.097817, -0.0258735
20, 43, 9.89506, 3.99392, -2.13692
20, 44, 11.3351, 0.137242, -4.53007
20, 45, 0.771716, 0.010138, -0.130901
20, 46, 11.7429, -0.711491, 4.55392
20, 47, 2.32303, -0.310854, 0.0812346
20, 48, 0.292877, -0.0272818, -0.0589832
20, 49, 0.295034, -0.0332125, -0.0562436
21, 0, 1.44565, 0.193003, 0.0778439
21, 1, 0.276049, 0.0465323, -0.0411984
21, 2, 3.47558, 0.348337, 0.339834
21, 3, 5.27903, -1.90924, -0.122724
21, 4, 0.537471, -0.0377548, 0.0936381
21, 5, 12.2468, -3.76857, 3.74222
21, 6, 0.599848, -0.109521, -0.00173506
21, 7, 3.61329, -1.16183, 0.020595
21, 8, 8.84395, 2.86869, 1.33471
21, 9, 10.2298, 2.29288, 3.1988
21, 10, 7.66415, -0.507385, -2.24645
21, 11, 11.177, -0.438313, -4.25516
21, 12, 0.790537, 0.0257643, -0.130925
21, 13, 10.1811, -2.93857, 3.96015
21, 14, 6.66709, 1.76758, -0.537456
21, 15, 9.86902, 3.65303, -1.07298
21, 16, 9.63996, 0.211792, 3.40883
21, 17, 9.77786, -2.34787, -2.94845
21, 18, 10.8519, -4.24931, 2.05384
21, 19, 2.28359, 0.309494, -0.0688847
21, 20, 13.9196, -4.68555, 4.31478
21, 21, 4.16034, -1.11297, 1.01866
21, 22, 0.71115, 0.113343, -0.0483792
21, 23, 0.52664, -0.033034, 0.0939112
21, 24, 0.390348, -0.0112728, 0.079534
21, 25, 0.0933426, -0.0264416, -0.000744937
21, 26, 0.179875, -0.0449138, 0.000390322
21, 27, 1.22226, 0.0703908, 0.168696
21, 28, 3.45185, -0.417813, 0.26489
21, 29, 7.35751, -0.249042, -2.28256
21, 30, 9.85536, -3.34205, -0.501108
21, 31, 7.77101, -1.69725, -1.60057
21, 32, 4.66746, 0.622312, 1.01426
21, 33, 0.759281, -0.127823, 0.0216972
21, 34, 1.89806, -0.224758, -0.126378
21, 35, 3.49263, -0.37187, -0.32159
21, 36, 0.488417, -0.0145521, 0.0933253
21, 37, 2.864, 0.343379, 0.18427
21, 38, 3.57048, -0.36038, 0.356913
21, 39, 1.19823, -0.159474, 0.0823984
21, 40, 0.131774, -0.0201898, 0.0287024
21, 41, 1.0583, 0.0380128, 0.160616
21, 42, 0.515361, -0.0940132, -0.0279087
21, 43, 11.3351, 0.137242, -4.53007
21, 44, 12.4735, -4.35748, 2.57206
21, 45, 0.358894, 0.0169531, 0.0736056
21, 46, 2.82733, -0.904895, -0.0903677
21, 47, 2.63638, -0.378173, 0.0422174
21, 48, 0.268914, -0.0226171, -0.0566522
21, 49, 0.292681, -0.0360663, -0.0539814
22, 0, 2.69183, 0.375668, 0.0812712
22, 1, 0.307398, 0.0499846, -0.0450606
22, 2, 3.67678, 0.408613, 0.344281
22, 3, 7.83467, -3.12659, -0.121825
22, 4, 0.174183, -0.040418, -0.0168434
22, 5, 8.69563, 3.95875, 0.0542776
22, 6, 0.370248, -0.0640752, 0.0429207
22, 7, 2.07053, -0.260808, 0.107001
22, 8, 10.2298, 2.29288, 3.1988
22, 9, 7.66415, -0.507385, -2.24645
22, 10, 11.4992, 0.835469, -4.52712
22, 11, 11.9268, 4.65148, 1.27966
22, 12, 0.352904, 0.0609639, -0.0427738
22, 13, 6.66709, 1.76758, -0.537456
22, 14, 9.91267, 3.21193, -1.61853
22, 15, 9.63996, 0.211792, 3.40883
22, 16, 9.77786, -2.34787, -2.94845
22, 17, 10.8519, -4.24931, 2.05384
22, 18, 8.59161, 2.85435, -0.583944
22, 19, 3.20364, 0.542394, -0.0463522
22, 20, 4.16034, -1.11297, 1.01866
22, 21, 6.39665, -1.4988, 0.611498
22, 22, 1.02834, 0.156793, -0.0388142
22, 23, 0.15218, -0.0341281, -0.0196272
22, 24, 0.370633, -0.0093796, 0.0767869
22, 25, 0.092791, -0.0261402, -0.00307986
22, 26, 0.161828, -0.0411564, -0.00394593
22, 27, 1.37613, 0.0837634, 0.181331
22, 28, 4.31561, -1.00646, 0.357246
22, 29, 5.31878, 0.647336, -1.19076
22, 30, 7.77101, -1.69725, -1.60057
22, 31, 6.62362, -0.604956, 1.8667
22, 32, 3.99858, 0.29136, 0.713858
22, 33, 0.390643, -0.0773461, 0.0216681
22, 34, 1.28693, -0.174497, -0.0751216
22, 35, 3.52572, -0.897242, -0.219162
22, 36, 0.497031, -0.0168563, 0.0941385
22, 37, 3.03428, 0.208934, 0.3597
22, 38, 1.13147, -0.142079, 0.0959283
22, 39, 0.350914, -0.0563562, 0.0481879
22, 40, 0.138956, -0.0186708, 0.0315035
22, 41, 1.80123, 0.0475757, 0.248519
22, 42, 0.523975, -0.0938885, -0.0320269
22, 43, 12.4735, -4.35748, 2.57206
22, 44, 11.7429, -0.711491, 4.55392
22, 45, 0.357179, 0.0161304, 0.0735235
22, 46, 4.60784, -1.25522, 0.131718
22, 47, 2.5709, 0.36028, 0.0613346
22, 48, 0.263664, -0.0253412, -0.0544928
22, 49, 0.286524, -0.0342214, -0.0539769
23, 0, 1.66137, 0.133367, 0.186747
23, 1, 0.294801, 0.0481046, -0.0440874
23, 2, 4.08987, 0.616358, 0.341417
23, 3, 12.2468, -3.76857, 3.74222
23, 4, 0.158259, -0.0369756, -0.0167962
23, 5, 9.51919, 2.26908, 2.84352
23, 6, 0.350405, -0.0588128, 0.045042
23, 7, 0.795845, -0.124853, 0.0477159
23, 8, 7.66415, -0.507385, -2.24645
23, 9, 11.4992, 0.835469, -4.52712
23, 10, 11.9268, 4.65148, 1.27966
23, 11, 10.1811, -2.93857, 3.96015
23, 12, 0.362886, 0.062501, -0.0432412
23, 13, 13.5776, -4.89205, -4.31975
23, 14, 9.63996, 0.211792, 3.40883
23, 15, 9.77786, -2.34787, -2.94845
23, 16, 10.8519, -4.24931, 2.05384
23, 17, 8.59161, 2.85435, -0.583944
23, 18, 13.9196, -4.68555, 4.31478
23, 19, 3.25517, 0.670321, -0.0414428
23, 20, 6.46426, -1.53886, 0.660275
23, 21, 6.66773, -1.78147, 0.540458
23, 22, 0.330819, 0.0566444, -0.0428626
23, 23, 0.151556, -0.0323172, -0.0222549
23, 24, 0.539436, -0.00976533, 0.101003
23, 25, 0.0818295, -0.0225462, -0.00722758
23, 26, 0.167448, -0.0422279, -0.00452311
23, 27, 2.39866, 0.211411, 0.232877
23, 28, 6.06923, -1.70182, 0.216137
23, 29, 6.27782, 0.909322, -1.57438
23, 30, 6.62362, -0.604956, 1.8667
23, 31, 4.83733, 0.0214332, 1.32652
23, 32, 3.17699, -0.0243217, 0.712941
23, 33, 0.407817, -0.0513916, 0.0647669
23, 34, 2.49307, -0.344562, -0.0665939
23, 35, 4.97974, -1.28899, -0.178593
23, 36, 0.448802, -0.0142764, 0.0877109
23, 37, 0.57954, -0.0190554, 0.105063
23, 38, 0.277693, 0.0144952, 0.0608046
23, 39, 0.355474, -0.0549032, 0.0508672
23, 40, 0.123544, -0.0151978, 0.0296453
23, 41, 3.16062, 0.0453957, 0.521359
23, 42, 0.718406, -0.124457, 0.00761822
23, 43, 11.7429, -0.711491, 4.55392
23, 44, 2.82733, -0.904895, -0.0903677
23, 45, 0.14762, 0.0356631, 0.0143335
23, 46, 0.326456, -0.0568191, 0.0414808
23, 47, 3.26344, 0.650782, 0.0358159
23, 48, 0.259387, -0.0235765, -0.0544885
23, 49, 0.27212, -0.0318468, -0.0526242
24, 0, 1.69423, 0.186115, 0.140007
24, 1, 0.28542, 0.0460357, -0.0440383
24, 2, 3.33881, 1.09228, 0.105248
24, 3, 8.69563, 3.95875, 0.0542776
24, 4, 0.145208, -0.0350847, -0.0144266
24, 5, 8.84395, 2.86869, 1.33471
24, 6, 0.181742, -0.0416107, -0.0178042
24, 7, 1.09678, -0.142195, 0.0889401
24, 8, 11.4992, 0.835469, -4.52712
24, 9, 11.9268, 4.65148, 1.27966
24, 10, 10.1811, -2.93857, 3.96015
24, 11, 6.66709, 1.76758, -0.537456
24, 12, 1.50115, 0.200071, -0.07758
24, 13, 9.63996, 0.211792, 3.40883
24, 14, 9.77786, -2.34787, -2.94845
24, 15, 10.8519, -4.24931, 2.05384
24, 16, 8.59161, 2.85435, -0.583944
24, 17, 13.9196, -4.68555, 4.31478
24, 18, 4.16034, -1.11297, 1.01866
24, 19, 2.63276, 0.904531, -0.0124447
24, 20, 6.6205, -1.91226, 0.609192
24, 21, 13.2723, 4.60715, 3.83866
24, 22, 0.312167, 0.0232329, -0.0640648
24, 23, 0.15662, -0.032041, -0.0243952
24, 24, 1.12419, -0.0141614, 0.172677
24, 25, 0.0865446, -0.0235731, -0.00778072
24, 26, 0.181099, -0.0447823, -0.0057595
24, 27, 2.305, 0.229555, 0.197842
24, 28, 7.25827, -2.2747, 0.230049
24, 29, 3.65019, 0.995135, -1.01557
24, 30, 9.07234, 2.49411, 1.47517
24, 31, 4.97456, 0.110112, 1.32487
24, 32, 2.57305, -0.0431844, 0.365889
24, 33, 0.243443, -0.0322226, 0.0465076
24, 34, 3.06377, -0.479635, -0.055306
24, 35, 4.09888, -0.83277, -0.332315
24, 36, 0.0865256, 0.0113743, -0.0220582
24, 37, 0.388944, -0.0227747, 0.0767556
24, 38, 0.294714, 0.0158877, 0.0633722
24, 39, 0.565104, -0.0734366, 0.0741006
24, 40, 0.108431, -0.0150834, 0.0258702
24, 41, 1.8719, 0.115744, 0.227966
24, 42, 0.990182, -0.145473, -0.0576696
24, 43, 2.82733, -0.904895, -0.0903677
24, 44, 4.17252, -1.22905, -0.0362453
24, 45, 0.170112, 0.0397448, 0.0163731
24, 46, 0.375991, -0.0781052, -0.00349484
24, 47, 3.0952, 0.753771, 0.0357681
24, 48, 0.24738, -0.0213008, -0.0531921
24, 49, 0.265599, -0.0353259, -0.0489875
25, 0, 2.39589, 0.291453, 0.138253
25, 1, 0.610118, 0.0993055, -0.0482765
25, 2, 2.76025, 0.378292, 0.103771
25, 3, 9.51919, 2.26908, 2.84352
25, 4, 0.133217, -0.0327897, -0.0133589
25, 5, 10.2298, 2.29288, 3.1988
25, 6, 0.187489, -0.0420166, -0.0196014
25, 7, 1.52605, -0.126397, 0.173317
25, 8, 11.9268, 4.65148, 1.27966
25, 9, 10.1811, -2.93857, 3.96015
25, 10, 6.66709, 1.76758, -0.537456
25, 11, 13.5776, -4.89205, -4.31975
25, 12, 1.29604, 0.190494, -0.0308025
25, 13, 9.77786, -2.34787, -2.94845
25, 14, 10.8519, -4.24931, 2.05384
25, 15, 8.59161, 2.85435, -0.583944
25, 16, 13.9196, -4.68555, 4.31478
25, 17, 4.16034, -1.11297, 1.01866
25, 18, 6.36076, -1.48439, 0.575962
25, 19, 3.34957, 1.12967, 0.00825906
25, 20, 13.2723, 4.60715, 3.83866
25, 21, 8.28274, 2.08256, -3.02182
25, 22, 0.421027, 0.0197876, -0.0824823
25, 23, 0.156615, -0.0287345, -0.0282111
25, 24, 1.23134, -0.0147838, 0.185177
25, 25, 0.0979188, -0.0260253, -0.00896765
25, 26, 0.195127, -0.0476512, -0.00425048
25, 27, 3.00814, 0.313781, 0.252233
25, 28, 6.62362, -0.604956, 1.8667
25, 29, 4.34913, 0.415569, -0.733257
25, 30, 7.63606, 2.48208, 0.00587565
25, 31, 3.23608, -0.0354847, 0.571512
25, 32, 1.96061, -0.0540907, 0.267744
25, 33, 0.253564, -0.0342503, 0.0472232
25, 34, 1.98743, -0.268995, -0.0618883
25, 35, 2.47127, -0.349716, 0.0333746
25, 36, 0.0900324, 0.0146675, -0.0210548
25, 37, 0.0999557, -0.0279855, -0.00102213
25, 38, 0.384022, -0.0116361, 0.0785205
25, 39, 1.15319, -0.0725741, 0.158996
25, 40, 0.124581, -0.0185694, 0.0279279
25, 41, 0.568578, 0.105107, -0.00771619
25, 42, 1.16541, -0.166735, -0.0586934
25, 43, 3.82247, -1.17639, -0.0696103
25, 44, 0.353349, -0.0717668, -0.0205835
25, 45, 0.163064, 0.0373476, 0.0182734
25, 46, 0.245891, -0.0569675, -0.00350026
25, 47, 2.06091, 0.273048, 0.0785631
25, 48, 0.237057, -0.0246408, -0.0497009
25, 49, 0.278686, -0.0383664, -0.049459
26, 0, 3.19861, 0.548024, 0.0306756
26, 1, 0.21035, 0.0170363, -0.0477169
26, 2, 1.36401, 0.180567, 0.0822945
26, 3, 8.84395, 2.86869, 1.33471
26, 4, 0.121571, -0.031026, -0.0108982
26, 5, 7.66415, -0.507385, -2.24645
26, 6, 0.192838, -0.0413739, -0.0230838
26, 7, 0.765097, -0.0130923, 0.129798
26, 8, 10.1811, -2.93857, 3.96015
26, 9, 6.66709, 1.76758, -0.537456
26, 10, 13.5776, -4.89205, -4.31975
26, 11, 9.63996, 0.211792, 3.40883
26, 12, 1.607, 0.224964, -0.0441392
26, 13, 10.8519, -4.24931, 2.05384
26, 14, 8.59161, 2.85435, -0.583944
26, 15, 13.9196, -4.68555, 4.31478
26, 16, 4.16034, -1.11297, 1.01866
26, 17, 6.27443, -1.44685, 0.588243
26, 18, 5.49126, -1.22451, 0.523823
26, 19, 0.173707, 0.0436489, -0.00229016
26, 20, 8.28274, 2.08256, -3.02182
26, 21, 8.35472, 0.331482, -2.56842
26, 22, 0.866137, -0.03077, -0.139147
26, 23, 0.161743, -0.0296824, -0.0287217
26, 24, 1.71194, -0.00482657, 0.243359
26, 25, 0.107546, -0.0287839, -0.00751667
26, 26, 0.202692, -0.0489568, -0.0054817
26, 27, 2.76983, 0.349816, 0.151089
26, 28, 9.07234, 2.49411, 1.47517
26, 29, 3.67771, 0.206989, -0.732391
26, 30, 8.82804, 1.92026, 2.71626
26, 31, 3.27761, -0.190518, 0.440651
26, 32, 1.57178, -0.0605372, 0.215717
26, 33, 0.838167, -0.0311522, 0.135601
26, 34, 0.699445, -0.0939957, 0.0767455
26, 35, 0.821378, -0.135882, 0.0195409
26, 36, 0.0854989, 0.0159528, -0.0186847
26, 37, 0.0874984, -0.0249132, -0.00266592
26, 38, 0.947967, -0.0120005, 0.152076
26, 39, 0.4412, -0.057404, 0.0660071
26, 40, 0.139752, -0.0191167, 0.0314309
26, 41, 0.660555, 0.117088, -0.00818598
26, 42, 1.53317, -0.217144, -0.0390518
26, 43, 1.72438, -0.236725, -0.0546516
26, 44, 0.475337, -0.0899812, -0.0217713
26, 45, 0.170138, 0.0389086, 0.0182772
26, 46, 0.0168275, -0.00460265, 0.00327526
26, 47, 3.16596, 0.535588, -0.0101539
26, 48, 0.227261, -0.0257352, -0.0471592
26, 49, 0.601832, -0.0521909, -0.0960215
27, 0, 0.467599, 0.0863212, 0.0301065
27, 1, 0.0909946, -0.00432818, -0.0255291
27, 2, 0.471141, 0.0744853, 0.0535118
27, 3, 10.2298, 2.29288, 3.1988
27, 4, 0.125862, -0.0314018, -0.0125623
27, 5, 11.4992, 0.835469, -4.52712
27, 6, 0.174878, -0.0379284, -0.0221359
27, 7, 0.125416, -0.0319012, 0.0109417
27, 8, 6.66709, 1.76758, -0.537456
27, 9, 13.5776, -4.89205, -4.31975
27, 10, 9.63996, 0.211792, 3.40883
27, 11, 9.77786, -2.34787, -2.94845
27, 12, 3.01306, 0.444603, -0.0924634
27, 13, 8.59161, 2.85435, -0.583944
27, 14, 13.9196, -4.68555, 4.31478
27, 15, 4.16034, -1.11297, 1.01866
27, 16, 6.26423, -1.47541, 0.768702
27, 17, 5.49126, -1.22451, 0.523823
27, 18, 13.2723, 4.60715, 3.83866
27, 19, 0.182471, 0.0451915, -0.00452854
27, 20, 8.35472, 0.331482, -2.56842
27, 21, 13.0384, 4.13312, -4.76987
27, 22, 1.0586, -0.0334768, -0.161783
27, 23, 0.17385, -0.0319529, -0.0298207
27, 24, 0.960021, -0.00276904, 0.154006
27, 25, 0.114313, -0.0300411, -0.00870228
27, 26, 0.252502, -0.0571683, -0.0110018
27, 27, 2.08712, 0.149226, 0.235867
27, 28, 7.63606, 2.48208, 0.00587565
27, 29, 2.59394, 0.115957, -0.339245
27, 30, 10.5777, -3.58788, 1.33745
27, 31, 3.35949, -0.296682, 0.358197
27, 32, 2.91875, -0.0523113, 0.438438
27, 33, 0.179651, -0.0151111, 0.0422366
27, 34, 0.233914, -0.0201743, 0.0510893
27, 35, 0.472733, -0.0919167, -0.00823276
27, 36, 0.0987625, 0.0189113, -0.0202676
27, 37, 0.0894837, -0.0248115, -0.00602152
27, 38, 0.308204, 0.00490761, 0.0673844
27, 39, 0.248817, -0.0574375, -0.00413142
27, 40, 0.141163, -0.019787, 0.031364
27, 41, 1.12614, 0.171906, -0.0223641
27, 42, 0.139515, -0.0287376, -0.0228832
27, 43, 2.51791, -0.359476, -0.0234906
27, 44, 0.161754, -0.0351188, -0.0217542
27, 45, 0.18201, 0.0409315, 0.0194295
27, 46, 0.031208, -0.00769523, 0.00650784
27, 47, 3.22508, 0.676346, 0.0093961
27, 48, 0.359639, -0.0263986, -0.0708393
27, 49, 0.334855, -0.0381683, -0.0606801
28, 0, 0.186122, 0.046113, -0.000991536
28, 1, 0.085949, -0.00227911, -0.0245757
28, 2, 0.288145, 0.0614744, 0.0186428
28, 3, 7.66415, -0.507385, -2.24645
28, 4, 0.129557, -0.030805, -0.0157959
28, 5, 11.9268, 4.65148, 1.27966
28, 6, 0.191858, -0.042072, -0.021384
28, 7, 0.119402, -0.0306387, 0.0105578
28, 8, 13.5776, -4.89205, -4.31975
28, 9, 9.63996, 0.211792, 3.40883
28, 10, 9.77786, -2.34787, -2.94845
28, 11, 10.8519, -4.24931, 2.05384
28, 12, 1.34097, 0.166775, -0.100765
28, 13, 13.9196, -4.68555, 4.31478
28, 14, 4.16034, -1.11297, 1.01866
28, 15, 6.41022, -1.50695, 0.58144
28, 16, 5.49126, -1.22451, 0.523823
28, 17, 13.2723, 4.60715, 3.83866
28, 18, 8.28274, 2.08256, -3.02182
28, 19, 0.156031, 0.0399966, 0.00374923
28, 20, 13.0384, 4.13312, -4.76987
28, 21, 5.49304, -1.23226, -0.663762
28, 22, 1.59065, -0.0785192, -0.210902
28, 23, 0.135936, -0.0328955, -0.0145878
28, 24, 1.39788, 0.0172792, 0.204533
28, 25, 0.114646, -0.0304732, -0.00736893
28, 26, 0.150751, -0.0388693, 0.00415643
28, 27, 1.72875, 0.0600205, 0.235581
28, 28, 8.82804, 1.92026, 2.71626
28, 29, 2.57726, 0.222966, -0.254023
28, 30, 8.1325, -2.53462, 0.89446
28, 31, 3.2617, -0.128059, 0.787958
28, 32, 1.91393, -0.0047218, 0.26927
28, 33, 0.132551, -0.00984245, 0.0338659
28, 34, 0.181844, -0.0204839, 0.0403762
28, 35, 0.218415, -0.0521016, -0.00261216
28, 36, 0.109683, 0.0190093, -0.0235033
28, 37, 0.100956, -0.027924, -0.00418434
28, 38, 0.0398584, 0.0102869, -0.00727456
28, 39, 0.274247, -0.0618298, -0.003833
28, 40, 0.154119, -0.0211006, 0.0337045
28, 41, 0.202382, -0.047529, -0.0126953
28, 42, 0.142904, -0.0308779, -0.0211865
28, 43, 1.21607, -0.182319, -0.0234862
28, 44, 0.150714, -0.0331682, -0.0206431
28, 45, 0.383824, 0.0770121, -0.0189781
28, 46, 0.0392711, -0.00871151, 0.00886799
28, 47, 3.51393, 1.14842, 0.028334
28, 48, 0.230595, -0.031735, -0.044071
28, 49, 0.155842, -0.0292201, -0.0274791
29, 0, 0.0873077, 0.0248398, 0.0029074
29, 1, 0.0765846, -0.000697815, -0.0223697
29, 2, 0.331028, 0.0708024, -0.00764982
29, 3, 11.4992, 0.835469, -4.52712
29, 4, 0.114745, -0.0275971, -0.0149134
29, 5, 10.1811, -2.93857, 3.96015
29, 6, 0.122181, -0.0237829, -0.0228939
29, 7, 0.130585, -0.0340125, 0.00757865
29, 8, 9.63996, 0.211792, 3.40883
29, 9, 9.77786, -2.34787, -2.94845
29, 10, 10.8519, -4.24931, 2.05384
29, 11, 8.59161, 2.85435, -0.583944
29, 12, 2.71784, 0.399368, -0.0139789
29, 13, 4.16034, -1.11297, 1.01866
29, 14, 6.29945, -1.45865, 0.570752
29, 15, 5.49126, -1.22451, 0.523823
29, 16, 13.2723, 4.60715, 3.83866
29, 17, 8.28274, 2.08256, -3.02182
29, 18, 8.35472, 0.331482, -2.56842
29, 19, 0.23332, -0.0203095, 0.0509214
29, 20, 5.49304, -1.23226, -0.663762
29, 21, 9.4004, -3.06522, -1.48366
29, 22, 1.41751, -0.146316, -0.139536
29, 23, 0.14316, -0.034066, -0.0156916
29, 24, 0.718091, 0.0316319, 0.12031
29, 25, 0.106217, -0.0287532, -0.00635157
29, 26, 0.128918, -0.0342412, 0.00412666
29, 27, 0.701265, 0.0641613, 0.103445
29, 28, 10.5777, -3.58788, 1.33745
29, 29, 2.90485, 0.32788, -0.212467
29, 30, 11.8857, 1.81919, -4.68189
29, 31, 2.37845, 0.232622, 0.207971
29, 32, 1.39653, 0.0066038, 0.205137
29, 33, 0.140833, -0.00869004, 0.0359908
29, 34, 0.408766, -0.0304481, 0.0771632
29, 35, 0.219462, -0.0502322, 0.0147084
29, 36, 0.0956295, 0.0160042, -0.0217295
29, 37, 0.101809, -0.0284147, -0.0010437
29, 38, 0.0382321, 0.00966286, -0.00733689
29, 39, 0.427702, -0.0843145, -0.0159808
29, 40, 0.0533114, 0.00903489, 0.0136144
29, 41, 0.397576, -0.0814276, -0.000196559
29, 42, 0.137702, -0.0295464, -0.0211803
29, 43, 0.555135, -0.101347, -0.0210611
29, 44, 0.215492, -0.0515216, 0.00338163
29, 45, 0.592841, 0.108605, -0.00142824
29, 46, 0.0417425, -0.0111879, 0.00688306
29, 47, 1.36127, 0.198001, 0.0319776
29, 48, 0.19224, -0.0305875, -0.0360189
29, 49, 0.242107, -0.0329581, -0.0456988
30, 0, 0.0950114, 0.0263684, 0.00503993
30, 1, 0.0826965, -0.00103607, -0.0238673
30, 2, 0.20769, 0.048013, -0.0145874
30, 3, 11.9268, 4.65148, 1.27966
30, 4, 0.117585, -0.0295562, -0.0122733
30, 5, 6.66709, 1.76758, -0.537456
30, 6, 0.14249, -0.0270443, -0.0257737
30, 7, 0.133368, -0.0326157, -0.0138601
30, 8, 9.77786, -2.34787, -2.94845
30, 9, 10.8519, -4.24931, 2.05384
30, 10, 8.59161, 2.85435, -0.583944
30, 11, 13.9196, -4.68555, 4.31478
30, 12, 3.07409, 0.495524, -0.0139547
30, 13, 6.39049, -1.49859, 0.571772
30, 14, 5.49126, -1.22451, 0.523823
30, 15, 13.2723, 4.60715, 3.83866
30, 16, 8.28274, 2.08256, -3.02182
30, 17, 8.35472, 0.331482, -2.56842
30, 18, 13.0384, 4.13312, -4.76987
30, 19, 0.297819, -0.0250595, 0.0608498
30, 20, 9.4004, -3.06522, -1.48366
30, 21, 10.4916, -3.58622, 1.88627
30, 22, 1.91839, -0.184359, -0.179399
30, 23, 0.142582, -0.0342415, -0.0150079
30, 24, 0.4323, -0.0168619, 0.0848178
30, 25, 0.0992211, -0.0270984, -0.00634765
30, 26, 0.0880421, -0.0243361, 0.00648581
30, 27, 0.939183, 0.131411, 0.0724917
30, 28, 8.1325, -2.53462, 0.89446
30, 29, 3.14146, 0.196126, -0.397364
30, 30, 12.3794, 3.41925, 3.61616
30, 31, 0.979997, -0.0128855, 0.155804
30, 32, 0.280586, -0.00464135, 0.0628421
30, 33, 0.22328, -0.0211878, 0.0486008
30, 34, 1.02495, -0.0303452, 0.158465
30, 35, 0.296071, -0.0655849, 1.24309e-05
30, 36, 0.0844042, 0.0155298, -0.0186935
30, 37, 0.104434, -0.029018, -0.00110395
30, 38, 0.0305616, 0.00843684, -0.00515243
30, 39, 0.12571, -0.0306739, -0.0141659
30, 40, 0.0548247, 0.00703723, 0.0151979
30, 41, 0.180077, -0.0449544, -0.00020147
30, 42, 0.106521, -0.0267006, -0.0125727
30, 43, 1.4904, -0.160634, 0.135629
30, 44, 0.31613, -0.0601532, 0.0332644
30, 45, 1.1442, 0.175448, 0.00851017
30, 46, 0.0376464, -0.00845002, 0.00846929
30, 47, 0.604605, 0.0782849, 0.0764713
30, 48, 0.244641, -0.0297831, -0.0483596
30, 49, 0.183683, -0.0381396, -0.0250371
31, 0, 0.09265, 0.0260411, 0.00359061
31, 1, 0.0947831, -0.000497059, -0.026788
31, 2, 0.0888884, -0.021937, -0.012777
31, 3, 10.1811, -2.93857, 3.96015
31, 4, 0.0753067, -0.0192833, -0.0107131
31, 5, 13.5776, -4.89205, -4.31975
31, 6, 0.100796, -0.0271781, -0.00751347
31, 7, 0.144629, -0.0341284, -0.0162796
31, 8, 10.8519, -4.24931, 2.05384
31, 9, 8.59161, 2.85435, -0.583944
31, 10, 13.9196, -4.68555, 4.31478
31, 11, 4.16034, -1.11297, 1.01866
31, 12, 3.23995, 0.660887, -0.00948246
31, 13, 5.49126, -1.22451, 0.523823
31, 14, 3.26527, 0.51275, 0.114387
31, 15, 8.28274, 2.08256, -3.02182
31, 16, 8.35472, 0.331482, -2.56842
31, 17, 13.0384, 4.13312, -4.76987
31, 18, 5.49304, -1.23226, -0.663762
31, 19, 0.461416, -0.0344721, 0.083687
31, 20, 10.4916, -3.58622, 1.88627
31, 21, 7.77101, -1.69725, -1.60057
31, 22, 1.63017, -0.207393, -0.0957065
31, 23, 0.0626006, -0.0097057, -0.0161125
31, 24, 0.458661, -0.0308332, 0.0847147
31, 25, 0.0925549, -0.0258596, -0.00459522
31, 26, 0.098423, -0.0266508, 0.00734867
31, 27, 1.55792, 0.215326, 0.0566112
31, 28, 11.8857, 1.81919, -4.68189
31, 29, 3.27399, 0.513953, -0.116836
31, 30, 10.4043, 4.1164, 1.25428
31, 31, 0.278691, -0.0236202, 0.0580213
31, 32, 0.587225, -0.0247883, 0.104847
31, 33, 0.541721, -0.0213523, 0.0994411
31, 34, 0.390529, -0.0331053, 0.0730838
31, 35, 0.351839, -0.0739557, 0.00874829
31, 36, 0.0830772, 0.014946, -0.0187519
31, 37, 0.109617, -0.0302044, 0.00101005
31, 38, 0.0382392, 0.0115968, -0.00357336
31, 39, 0.180816, -0.0450063, -0.00287371
31, 40, 0.057041, 0.00834649, 0.0152011
31, 41, 0.152194, -0.0390415, -0.00520378
31, 42, 0.112955, -0.0293942, -0.0097572
31, 43, 1.46942, -0.210596, 0.0336073
31, 44, 0.599723, -0.0984992, 0.0468841
31, 45, 0.181226, 0.0060141, 0.0447735
31, 46, 0.0368858, -0.00675881, 0.00960401
31, 47, 0.703647, 0.000114127, 0.122854
31, 48, 0.18747, -0.0298634, -0.0354415
31, 49, 0.329791, -0.0635699, -0.0314427
32, 0, 0.0938584, 0.0265633, 0.00076116
32, 1, 0.0918593, 0.00241011, -0.0259882
32, 2, 0.0910712, -0.0237736, -0.0103019
32, 3, 6.66709, 1.76758, -0.537456
32, 4, 0.091699, -0.0223408, -0.0134129
32, 5, 9.63996, 0.211792, 3.40883
32, 6, 0.22783, -0.0524137, -0.0123929
32, 7, 0.2616, -0.0594602, -0.00631455
32, 8, 8.59161, 2.85435, -0.583944
32, 9, 13.9196, -4.68555, 4.31478
32, 10, 4.16034, -1.11297, 1.01866
32, 11, 7.99345, -1.70855, 2.15397
32, 12, 2.96093, 0.791488, 0.0032795
32, 13, 13.2723, 4.60715, 3.83866
32, 14, 2.69208, 0.310248, 0.183059
32, 15, 8.35472, 0.331482, -2.56842
32, 16, 13.0384, 4.13312, -4.76987
32, 17, 5.49304, -1.23226, -0.663762
32, 18, 9.4004, -3.06522, -1.48366
32, 19, 0.493398, -0.0421677, 0.0850204
32, 20, 7.77101, -1.69725, -1.60057
32, 21, 6.62362, -0.604956, 1.8667
32, 22, 0.815027, -0.115085, -0.0714271
32, 23, 0.0597278, -0.0081544, -0.0161088
32, 24, 0.196959, -0.03866, 0.0286995
32, 25, 0.101458, -0.028102, -0.00375932
32, 26, 0.104544, -0.0288357, 0.00363459
32, 27, 1.12195, 0.12761, 0.112333
32, 28, 12.3794, 3.41925, 3.61616
32, 29, 0.605203, 0.0670865, -0.0866149
32, 30, 9.31612, 1.67099, 3.08117
32, 31, 0.459969, -0.0237427, 0.0872214
32, 32, 1.4584, -0.02406, 0.210898
32, 33, 0.0805485, -0.00807155, 0.0219227
32, 34, 0.147122, -0.0380643, -0.00459666
32, 35, 0.406528, -0.0822543, 0.00897435
32, 36, 0.0737371, 0.0137967, -0.0167039
32, 37, 0.0389173, 0.00174436, -0.0122059
32, 38, 0.030763, 0.00972399, -0.00208879
32, 39, 0.0911207, -0.0257614, -0.00289661
32, 40, 0.0634949, 0.0100533, 0.0161734
32, 41, 0.301702, -0.0648322, -0.0147216
32, 42, 0.0896713, -0.0228438, -0.011499
32, 43, 2.40136, -0.336025, 0.0424815
32, 44, 0.15666, -0.0359447, 0.0181907
32, 45, 0.0883286, 0.0100943, 0.023148
32, 46, 0.0278593, -0.00432139, 0.00797993
32, 47, 0.457787, 0.00194511, 0.0901613
32, 48, 0.280929, -0.0365913, -0.0512523
32, 49, 0.231018, -0.0512126, -0.0183962
33, 0, 0.0379166, 0.0120419, 3.25368e-05
33, 1, 0.0848603, 0.0185312, -0.0158939
33, 2, 0.0875547, -0.0227023, -0.0106276
33, 3, 13.5776, -4.89205, -4.31975
33, 4, 0.0878892, -0.0223562, -0.011514
33, 5, 9.77786, -2.34787, -2.94845
33, 6, 0.243453, -0.0559038, -0.00910662
33, 7, 0.0669252, -0.0186418, -0.00705582
33, 8, 13.9196, -4.68555, 4.31478
33, 9, 4.16034, -1.11297, 1.01866
33, 10, 7.99345, -1.70855, 2.15397
33, 11, 5.49126, -1.22451, 0.523823
33, 12, 0.953788, 0.0389984, 0.147697
33, 13, 8.28274, 2.08256, -3.02182
33, 14, 3.03241, 0.289675, 0.282623
33, 15, 13.0384, 4.13312, -4.76987
33, 16, 5.49304, -1.23226, -0.663762
33, 17, 9.4004, -3.06522, -1.48366
33, 18, 10.4916, -3.58622, 1.88627
33, 19, 0.725609, -0.0501535, 0.114495
33, 20, 6.62362, -0.604956, 1.8667
33, 21, 9.07234, 2.49411, 1.47517
33, 22, 0.456034, -0.0542204, -0.071321
33, 23, 0.0522925, -0.00699061, -0.0144626
33, 24, 0.397979, -0.0796989, 0.0167712
33, 25, 0.109359, -0.0296643, -0.00545594
33, 26, 0.125023, -0.0274474, 0.0194387
33, 27, 0.12603, 0.0250554, 0.0227629
33, 28, 10.4043, 4.1164, 1.25428
33, 29, 0.209461, 0.0347525, -0.036602
33, 30, 9.89506, 3.99392, -2.13692
33, 31, 1.29528, -0.0251667, 0.191388
33, 32, 0.517308, -0.0232234, 0.0955972
33, 33, 0.091893, -0.00850276, 0.0246826
33, 34, 0.198654, -0.0483069, -0.00439248
33, 35, 0.566673, -0.10487, 0.00748679
33, 36, 0.0776528, 0.0167651, -0.0152206
33, 37, 0.033536, -7.16942e-05, -0.0107663
33, 38, 0.0348466, 0.0109539, -0.00208579
33, 39, 0.0568678, -0.0163352, 0.005684
33, 40, 0.0682248, 0.00752298, 0.0188182
33, 41, 0.392431, -0.0756213, -0.0277512
33, 42, 0.101288, -0.0250201, -0.0132433
33, 43, 0.567337, -0.104558, -0.0116734
33, 44, 0.0743494, -0.0207648, 0.00670445
33, 45, 0.0869148, 0.0124579, 0.0215731
33, 46, 0.0293996, -0.00374402, 0.00877285
33, 47, 1.12839, 0.0375145, 0.169128
33, 48, 0.173855, -0.0269166, -0.0344381
33, 49, 0.168809, -0.0378254, -0.0198595
34, 0, 0.0329041, 0.0103134, 0.00236203
34, 1, 0.0816575, 0.0172837, -0.0161165
34, 2, 0.275185, -0.061825, -0.0058855
34, 3, 9.63996, 0.211792, 3.40883
34, 4, 0.191999, -0.0359936, -0.0305468
34, 5, 10.8519, -4.24931, 2.05384
34, 6, 0.090022, -0.0234063, -0.0105134
34, 7, 0.0745442, -0.021398, -0.00451771
34, 8, 4.16034, -1.11297, 1.01866
34, 9, 7.99345, -1.70855, 2.15397
34, 10, 5.49126, -1.22451, 0.523823
34, 11, 13.2723, 4.60715, 3.83866
34, 12, 1.62432, 0.0149284, 0.231972
34, 13, 8.35472, 0.331482, -2.56842
34, 14, 3.23524, 0.0426992, 0.565286
34, 15, 5.49304, -1.23226, -0.663762
34, 16, 9.4004, -3.06522, -1.48366
34, 17, 10.4916, -3.58622, 1.88627
34, 18, 7.77101, -1.69725, -1.60057
34, 19, 0.451228, -0.0531885, 0.0712552
34, 20, 9.07234, 2.49411, 1.47517
34, 21, 7.63606, 2.48208, 0.00587565
34, 22, 0.414406, -0.0798296, -0.0255433
34, 23, 0.0536363, -0.00910112, -0.0136758
34, 24, 0.694005, -0.120902, 0.0129449
34, 25, 0.127684, -0.0164387, -0.0300057
34, 26, 0.0144396, 0.00158196, -0.00461746
34, 27, 0.0780607, 0.0186572, 0.0130098
34, 28, 9.31612, 1.67099, 3.08117
34, 29, 0.231319, 0.0170257, -0.0517447
34, 30, 11.3351, 0.137242, -4.53007
34, 31, 0.38035, -0.0157311, 0.0772223
34, 32, 0.105502, -0.0283153, 0.00746252
34, 33, 0.0999676, -0.0123147, 0.0251499
34, 34, 0.285251, -0.0637299, 0.00285184
34, 35, 0.0877001, -0.0250692, -0.00132445
34, 36, 0.0687509, 0.0150025, -0.0138233
34, 37, 0.0337238, 0.00112204, -0.0107634
34, 38, 0.0399117, 0.0125603, -0.00117071
34, 39, 0.0692279, -0.0187911, 0.00825104
34, 40, 0.0743156, 0.00668605, 0.0207619
34, 41, 0.88586, -0.137337, -0.0450852
34, 42, 0.00905824, 0.0010225, 0.00293863
34, 43, 0.205422, -0.0489116, -0.0091914
34, 44, 0.0640257, -0.0184708, 0.0051759
34, 45, 0.0641756, 0.00650395, 0.0180872
34, 46, 0.0283415, -0.0063745, 0.00666183
34, 47, 0.557547, 0.027379, 0.100097
34, 48, 0.232757, -0.0258298, -0.0482253
34, 49, 0.370152, -0.0743026, -0.0210825
35, 0, 0.0360735, 0.0113234, 0.00205492
35, 1, 0.337754, 0.0589107, -0.0416138
35, 2, 0.255703, -0.0587753, -0.000971
35, 3, 9.77786, -2.34787, -2.94845
35, 4, 0.120925, -0.0273274, -0.0180266
35, 5, 8.59161, 2.85435, -0.583944
35, 6, 0.082804, -0.0216675, 0.0101194
35, 7, 0.0958416, -0.02704, -0.00033017
35, 8, 7.99345, -1.70855, 2.15397
35, 9, 5.49126, -1.22451, 0.523823
35, 10, 13.2723, 4.60715, 3.83866
35, 11, 8.28274, 2.08256, -3.02182
35, 12, 2.49402, 0.0141165, 0.356205
35, 13, 13.0384, 4.13312, -4.76987
35, 14, 3.28211, 0.0476736, 0.620313
35, 15, 9.4004, -3.06522, -1.48366
35, 16, 10.4916, -3.58622, 1.88627
35, 17, 7.77101, -1.69725, -1.60057
35, 18, 6.62362, -0.604956, 1.8667
35, 19, 0.288535, -0.0401451, 0.0501351
35, 20, 7.63606, 2.48208, 0.00587565
35, 21, 8.82804, 1.92026, 2.71626
35, 22, 0.820303, -0.137028, -0.00783236
35, 23, 0.05528, -0.0105495, -0.0131647
35, 24, 0.375262, -0.0769568, -0.0130147
35, 25, 0.0513524, -0.00336262, -0.0154461
35, 26, 0.0164871, 0.00393419, -0.00390072
35, 27, 0.0447325, 0.0137368, 0.00258895
35, 28, 9.89506, 3.99392, -2.13692
35, 29, 0.542844, 0.0168692, -0.100488
35, 30, 12.4735, -4.35748, 2.57206
35, 31, 0.0715515, -0.0183283, 0.0104813
35, 32, 0.123456, -0.0324552, 0.00745339
35, 33, 0.0840825, -0.0218966, 0.0103648
35, 34, 0.0647005, -0.0188614, 0.00435545
35, 35, 0.186472, -0.0461908, -6.67461e-05
35, 36, 0.0721534, 0.0161621, -0.0138205
35, 37, 0.0317271, 0.00268253, -0.00987442
35, 38, 0.0318212, 0.0101746, 0.00132299
35, 39, 0.102521, -0.0252618, 0.013396
35, 40, 0.158473, -0.000119297, 0.0406685
35, 41, 0.094117, -0.0212886, -0.0159994
35, 42, 0.013821, 0.00252043, 0.00394366
35, 43, 0.0495465, -4.73166e-05, -0.0153137
35, 44, 0.0628655, -0.0179264, 0.0059235
35, 45, 0.0539604, 0.00394862, 0.0160365
35, 46, 0.0297658, -0.00544067, 0.00796764
35, 47, 0.948194, 0.0225154, 0.150772
35, 48, 0.236301, -0.0208095, -0.0512899
35, 49, 0.514747, -0.0941001, -0.0273346
36, 0, 0.0263339, 0.00860561, -0.000344941
36, 1, 0.259057, 0.0564307, -0.0183221
36, 2, 0.439185, -0.0800672, 0.0348892
36, 3, 10.8519, -4.24931, 2.05384
36, 4, 0.073862, -0.0114519, -0.0184283
36, 5, 13.9196, -4.68555, 4.31478
36, 6, 0.10356, -0.0275338, 0.00856707
36, 7, 0.138622, -0.0364039, -0.00339735
36, 8, 5.49126, -1.22451, 0.523823
36, 9, 13.2723, 4.60715, 3.83866
36, 10, 8.28274, 2.08256, -3.02182
36, 11, 8.35472, 0.331482, -2.56842
36, 12, 3.23381, -0.0259803, 0.676321
36, 13, 5.49304, -1.23226, -0.663762
36, 14, 3.01121, 0.0671181, 0.803965
36, 15, 10.4916, -3.58622, 1.88627
36, 16, 7.77101, -1.69725, -1.60057
36, 17, 6.62362, -0.604956, 1.8667
36, 18, 9.07234, 2.49411, 1.47517
36, 19, 0.24798, -0.0279991, 0.0500886
36, 20, 8.82804, 1.92026, 2.71626
36, 21, 10.5777, -3.58788, 1.33745
36, 22, 1.38068, -0.203177, -0.00854805
36, 23, 0.0430946, -0.00653584, -0.011833
36, 24, 0.0436187, -0.0134186, -0.00258825
36, 25, 0.0476412, -0.00107574, -0.0147493
36, 26, 0.0158396, 0.00486252, -0.00218896
36, 27, 0.0521201, 0.0159556, 0.00140177
36, 28, 11.3351, 0.137242, -4.53007
36, 29, 0.301374, 0.0372665, -0.0548828
36, 30, 11.7429, -0.711491, 4.55392
36, 31, 0.0630583, -0.0156777, 0.0106079
36, 32, 0.180916, -0.0445696, -0.00699044
36, 33, 0.0386646, -0.0116614, 0.00377491
36, 34, 0.122792, -0.0329739, 0.00347401
36, 35, 0.106138, -0.0294295, -6.0054e-05
36, 36, 0.0372858, -0.0114482, -0.00309747
36, 37, 0.0225775, 0.000363097, -0.00744999
36, 38, 0.0306143, 0.00938414, 0.00315867
36, 39, 0.120234, -0.0231823, 0.022897
36, 40, 0.0897038, 0.0130842, 0.0219827
36, 41, 0.101355, -0.0281574, -0.0031093
36, 42, 0.0157762, 0.00468703, 0.00250004
36, 43, 0.0469426, 0.000481938, -0.0145869
36, 44, 0.155816, -0.0343902, 0.0206447
36, 45, 0.0594213, 0.00485651, 0.0173061
36, 46, 0.0252666, -0.00489363, 0.00668766
36, 47, 1.26576, 0.100247, 0.15715
36, 48, 0.28196, -0.013432, -0.0617829
36, 49, 0.70529, -0.123058, 0.000883128
37, 0, 0.0271085, 0.0087201, 0.00149767
37, 1, 0.406086, 0.0805318, -0.0185318
37, 2, 0.843884, -0.1386, 0.0197732
37, 3, 8.59161, 2.85435, -0.583944
37, 4, 0.140508, -0.0368591, -0.00272742
37, 5, 4.16034, -1.11297, 1.01866
37, 6, 0.164643, -0.0379597, 0.0177281
37, 7, 0.15294, -0.0394351, -0.00288799
37, 8, 13.2723, 4.60715, 3.83866
37, 9, 8.28274, 2.08256, -3.02182
37, 10, 8.35472, 0.331482, -2.56842
37, 11, 13.0384, 4.13312, -4.76987
37, 12, 3.05226, -0.0273039, 0.765901
37, 13, 9.4004, -3.06522, -1.48366
37, 14, 3.2266, 0.10992, 0.501271
37, 15, 7.77101, -1.69725, -1.60057
37, 16, 6.62362, -0.604956, 1.8667
37, 17, 9.07234, 2.49411, 1.47517
37, 18, 7.63606, 2.48208, 0.00587565
37, 19, 0.183037, -0.0318245, 0.0325087
37, 20, 10.5777, -3.58788, 1.33745
37, 21, 8.1325, -2.53462, 0.89446
37, 22, 0.718406, -0.123556, -0.0163332
37, 23, 0.0341072, -0.00468759, -0.00987835
37, 24, 0.0355478, -0.0111935, -0.00191027
37, 25, 0.0239772, 0.00163031, -0.007721
37, 26, 0.0236067, 0.00702139, -0.00334405
37, 27, 0.0508181, 0.0156604, -0.000233993
37, 28, 12.4735, -4.35748, 2.57206
37, 29, 0.202783, 0.0479711, 0.0112501
37, 30, 2.82733, -0.904895, -0.0903677
37, 31, 0.0834393, -0.0240266, 0.00146466
37, 32, 0.0722275, -0.0210988, -0.00281835
37, 33, 0.0455679, -0.0132812, 0.00505887
37, 34, 0.130008, -0.0345508, 0.00346786
37, 35, 0.0697875, -0.0206097, 0.00153257
37, 36, 0.0438278, -0.0137049, -0.000738566
37, 37, 0.0169195, -0.000405977, -0.00566393
37, 38, 0.023078, 0.00744316, 0.00160291
37, 39, 0.071937, -0.00937481, 0.0190273
37, 40, 0.0523587, -0.00637205, 0.0147652
37, 41, 0.0454163, -0.0116096, -0.00812354
37, 42, 0.0182794, 0.00520198, 0.00320723
37, 43, 0.0620927, 0.00510538, -0.0179664
37, 44, 0.0717968, -0.0180317, 0.0111024
37, 45, 0.108557, 0.00297694, 0.0298325
37, 46, 0.0293933, -0.00694161, 0.0065389
37, 47, 1.72281, 0.146265, 0.185044
37, 48, 0.05966, -0.00746153, 0.0164216
37, 49, 0.184577, -0.0458247, 0.000352879
38, 0, 0.0226606, 0.00748438, -5.41495e-05
38, 1, 0.939786, 0.150924, -0.0138684
38, 2, 0.517033, -0.0958702, 0.0219488
38, 3, 13.9196, -4.68555, 4.31478
38, 4, 0.191897, -0.0472017, -0.00159007
38, 5, 7.99345, -1.70855, 2.15397
38, 6, 0.192336, -0.0437129, 0.0180472
38, 7, 0.285042, -0.0637495, 0.00114476
38, 8, 8.28274, 2.08256, -3.02182
38, 9, 8.35472, 0.331482, -2.56842
38, 10, 13.0384, 4.13312, -4.76987
38, 11, 5.49304, -1.23226, -0.663762
38, 12, 2.64446, -0.035173, 0.987005
38, 13, 10.4916, -3.58622, 1.88627
38, 14, 7.77101, -1.69725, -1.60057
38, 15, 6.62362, -0.604956, 1.8667
38, 16, 9.07234, 2.49411, 1.47517
38, 17, 7.63606, 2.48208, 0.00587565
38, 18, 8.82804, 1.92026, 2.71626
38, 19, 0.40503, -0.0787268, 0.024478
38, 20, 8.1325, -2.53462, 0.89446
38, 21, 11.8857, 1.81919, -4.68189
38, 22, 0.33323, -0.071341, -0.00567048
38, 23, 0.0294608, -0.00252107, -0.00921821
38, 24, 0.0320164, -0.010314, -0.000288597
38, 25, 0.0296082, 0.00373238, -0.00884569
38, 26, 0.0280013, 0.00709363, -0.0057283
38, 27, 0.124957, 0.0335379, 0.00248611
38, 28, 11.7429, -0.711491, 4.55392
38, 29, 0.247178, 0.0561374, 0.0114296
38, 30, 4.24444, -1.24111, -0.010636
38, 31, 0.0184172, -0.00524446, 0.00322158
38, 32, 0.103137, -0.0284366, -0.00416496
38, 33, 0.0211247, -0.00485308, 0.0050538
38, 34, 0.062383, -0.0183307, 0.00396129
38, 35, 0.297782, -0.0658228, 0.00236482
38, 36, 0.0465591, -0.0144537, 0.0010005
38, 37, 0.0228296, -0.00229588, -0.00717874
38, 38, 0.0310125, 0.00960467, 0.0028552
38, 39, 0.0306108, -0.00442538, 0.00885631
38, 40, 0.0705074, -0.00778733, 0.0193401
38, 41, 0.0326505, -0.00885488, -0.00565293
38, 42, 0.00913997, 0.00284839, 0.00131843
38, 43, 0.0305664, 6.57129e-05, -0.00988704
38, 44, 0.088595, -0.0144677, 0.0207743
38, 45, 0.120379, 0.00920671, 0.0312972
38, 46, 0.0313747, -0.00818657, 0.00596233
38, 47, 1.35021, 0.195181, 0.0389157
38, 48, 0.139866, 0.00388984, 0.0366183
38, 49, 0.380973, -0.0789375, 0.000455649
39, 0, 0.0160451, 0.00530525, 0.000999101
39, 1, 0.280434, 0.0608948, -0.0160065
39, 2, 1.13342, -0.174346, 0.00491812
39, 3, 4.16034, -1.11297, 1.01866
39, 4, 0.290046, -0.0645906, 0.00016774
39, 5, 5.49126, -1.22451, 0.523823
39, 6, 0.0106171, -0.00360943, -0.000382789
39, 7, 0.127916, -0.0342329, 0.00165541
39, 8, 8.35472, 0.331482, -2.56842
39, 9, 13.0384, 4.13312, -4.76987
39, 10, 5.49304, -1.23226, -0.663762
39, 11, 9.4004, -3.06522, -1.48366
39, 12, 3.29555, -0.0592071, 0.611772
39, 13, 7.77101, -1.69725, -1.60057
39, 14, 6.62362, -0.604956, 1.8667
39, 15, 9.07234, 2.49411, 1.47517
39, 16, 7.63606, 2.48208, 0.00587565
39, 17, 8.82804, 1.92026, 2.71626
39, 18, 10.5777, -3.58788, 1.33745
39, 19, 0.578764, -0.103878, 0.0240634
39, 20, 11.8857, 1.81919, -4.68189
39, 21, 12.3794, 3.41925, 3.61616
39, 22, 0.198269, 0.0482783, 0.00388146
39, 23, 0.0237371, -0.00166415, -0.00763812
39, 24, 0.0131637, 0.00096224, 0.00436142
39, 25, 0.0370738, 0.00380276, -0.0111688
39, 26, 0.0197045, 0.00485902, -0.00440929
39, 27, 0.155858, 0.0400778, -0.00218248
39, 28, 2.82733, -0.904895, -0.0903677
39, 29, 0.39393, 0.0739551, 0.0324069
39, 30, 0.738889, -0.127091, 0.00634964
39, 31, 0.0246735, -0.00678112, 0.00443969
39, 32, 0.0664776, -0.0193791, -0.00414555
39, 33, 0.0204458, -0.00345263, 0.00585156
39, 34, 0.101299, -0.0279746, 0.00437883
39, 35, 0.415435, -0.083863, 0.00577405
39, 36, 0.102986, -0.0275649, 0.0080055
39, 37, 0.017808, -0.000189797, -0.00595857
39, 38, 0.0214972, 0.00711665, 0.000299812
39, 39, 0.0240219, -0.00242544, 0.00752372
39, 40, 0.0542407, -0.00612026, 0.0154208
39, 41, 0.0796194, -0.0200714, -0.0114977
39, 42, 0.0131099, 0.00368644, 0.00249031
39, 43, 0.0346159, 0.000570674, -0.0110686
39, 44, 0.13881, -0.0291125, 0.0221604
39, 45, 0.170669, 0.027335, 0.033299
39, 46, 0.0402059, -0.0124213, -0.00263979
39, 47, 0.426744, 0.0458369, 0.072129
39, 48, 0.175797, 0.007694, 0.0434395
39, 49, 0.0389132, -0.0121283, 0.00221351
40, 0, 0.0203667, 0.00673242, 0.000707129
40, 1, 0.680193, 0.119786, 0.00486354
40, 2, 1.11533, -0.172236, 0.00467393
40, 3, 7.99345, -1.70855, 2.15397
40, 4, 0.395566, -0.0809089, 0.00588811
40, 5, 13.2723, 4.60715, 3.83866
40, 6, 0.00929618, -0.00256816, -0.0018937
40, 7, 0.119534, -0.0324297, 0.000813291
40, 8, 13.0384, 4.13312, -4.76987
40, 9, 5.49304, -1.23226, -0.663762
40, 10, 9.4004, -3.06522, -1.48366
40, 11, 10.4916, -3.58622, 1.88627
40, 12, 7.77101, -1.69725, -1.60057
40, 13, 6.62362, -0.604956, 1.8667
40, 14, 9.07234, 2.49411, 1.47517
40, 15, 7.63606, 2.48208, 0.00587565
40, 16, 8.82804, 1.92026, 2.71626
40, 17, 10.5777, -3.58788, 1.33745
40, 18, 8.1325, -2.53462, 0.89446
40, 19, 0.469868, -0.0712854, 0.0573888
40, 20, 12.3794, 3.41925, 3.61616
40, 21, 10.4043, 4.1164, 1.25428
40, 22, 0.120293, 0.0324882, 0.00278143
40, 23, 0.0266641, 0.000332815, -0.00870658
40, 24, 0.00675289, 0.00103086, 0.00209638
40, 25, 0.0178949, -0.000784646, -0.00593757
40, 26, 0.0147539, 0.00450328, -0.00213233
40, 27, 0.193063, 0.0473942, -0.00230207
40, 28, 4.21249, -1.23568, -0.0258816
40, 29, 0.144765, 0.0333347, 0.017905
40, 30, 1.21418, -0.183822, 0.00371952
40, 31, 0.0131076, -0.000349028, 0.0044343
40, 32, 0.062491, -0.0186808, -0.00194982
40, 33, 0.0301358, -0.00554012, 0.00803355
40, 34, 0.141727, -0.0372164, 7.59699e-05
40, 35, 0.429912, -0.0859845, 0.00570839
40, 36, 0.0235732, -0.00703323, 0.00329479
40, 37, 0.0154319, 0.00112089, -0.00507916
40, 38, 0.0280136, 0.00906659, -0.000999454
40, 39, 0.0256594, -0.00194911, 0.00817788
40, 40, 0.117941, -0.0156216, 0.0280194
40, 41, 0.0609087, -0.0142987, -0.0115264
40, 42, 0.0129233, 0.00417878, 0.00133833
40, 43, 0.0371095, -0.00240926, -0.0115604
40, 44, 0.147768, -0.0275432, 0.0268374
40, 45, 0.133664, 0.0348518, 0.00679112
40, 46, 0.00931927, 0.000777941, -0.00310251
40, 47, 0.771028, 0.103146, 0.0791958
40, 48, 0.23306, 0.00204103, 0.0547699
40, 49, 0.06078, -0.0181006, 0.00291184
41, 0, 0.015618, 0.00444679, 0.0028119
41, 1, 0.895311, 0.146231, 0.00493069
41, 2, 1.59307, -0.228769, 0.00277624
41, 3, 5.49126, -1.22451, 0.523823
41, 4, 0.00501257, -0.000604854, 0.00163532
41, 5, 8.28274, 2.08256, -3.02182
41, 6, 0.0116221, -0.00240646, -0.00314659
41, 7, 0.0331302, -0.0103793, -0.00237247
41, 8, 5.49304, -1.23226, -0.663762
41, 9, 9.4004, -3.06522, -1.48366
41, 10, 10.4916, -3.58622, 1.88627
41, 11, 7.77101, -1.69725, -1.60057
41, 12, 6.62362, -0.604956, 1.8667
41, 13, 9.07234, 2.49411, 1.47517
41, 14, 7.63606, 2.48208, 0.00587565
41, 15, 8.82804, 1.92026, 2.71626
41, 16, 10.5777, -3.58788, 1.33745
41, 17, 8.1325, -2.53462, 0.89446
41, 18, 11.8857, 1.81919, -4.68189
41, 19, 0.189015, -0.0446046, 0.0137178
41, 20, 10.4043, 4.1164, 1.25428
41, 21, 9.31612, 1.67099, 3.08117
41, 22, 0.0117756, 0.00110974, 0.00385527
41, 23, 0.0685794, 0.000165727, -0.0203573
41, 24, 0.010302, -0.00109474, 0.00335105
41, 25, 0.0113892, -0.00113171, -0.00371615
41, 26, 0.0135993, 0.00406186, -0.00217642
41, 27, 0.171021, 0.0429296, 0.00462746
41, 28, 0.318515, -0.0689177, -0.00649734
41, 29, 0.263426, 0.0595324, 0.00827191
41, 30, 0.59072, -0.108269, 0.00371703
41, 31, 0.015693, 0.0009831, 0.00519314
41, 32, 0.119393, -0.0322698, -0.00299435
41, 33, 0.0204638, -0.00679457, 0.000268839
41, 34, 0.29997, -0.0661151, 0.00377307
41, 35, 0.0532904, -0.0162887, 0.00122356
41, 36, 0.0214124, -0.00575452, 0.00415275
41, 37, 0.0211994, 0.00302327, -0.00634673
41, 38, 0.0187252, 0.0062427, 0.000348684
41, 39, 0.0457626, -0.00766938, 0.0120293
41, 40, 0.0977739, -0.0219534, 0.0165451
41, 41, 0.072139, -0.0128209, -0.0169615
41, 42, 0.00760295, 0.0023306, 0.00120408
41, 43, 0.0485004, -0.000826665, -0.0150031
41, 44, 0.148182, -0.0365378, -0.0123054
41, 45, 0.0411134, 0.00237236, 0.0127383
41, 46, 0.0111333, -0.00149639, -0.00349326
41, 47, 0.540461, 0.0151242, 0.100452
41, 48, 0.282928, 0.00193704, 0.0633773
41, 49, 0.131827, -0.0349945, 0.0029135
42, 0, 0.0151786, 0.0039168, 0.00329697
42, 1, 1.32166, 0.196424, 0.0030315
42, 2, 2.02694, -0.284549, 0.00324715
42, 3, 13.2723, 4.60715, 3.83866
42, 4, 0.00123204, 0.000386841, 0.000196355
42, 5, 8.35472, 0.331482, -2.56842
42, 6, 0.0161609, -0.000438302, -0.00541795
42, 7, 0.0446938, -0.0137226, -0.00260563
42, 8, 9.4004, -3.06522, -1.48366
42, 9, 10.4916, -3.58622, 1.88627
42, 10, 7.77101, -1.69725, -1.60057
42, 11, 6.62362, -0.604956, 1.8667
42, 12, 9.07234, 2.49411, 1.47517
42, 13, 7.63606, 2.48208, 0.00587565
42, 14, 8.82804, 1.92026, 2.71626
42, 15, 10.5777, -3.58788, 1.33745
42, 16, 8.1325, -2.53462, 0.89446
42, 17, 11.8857, 1.81919, -4.68189
42, 18, 12.3794, 3.41925, 3.61616
42, 19, 0.0729155, -0.0191801, 0.00962295
42, 20, 9.31612, 1.67099, 3.08117
42, 21, 9.89506, 3.99392, -2.13692
42, 22, 0.00595436, 0.00117509, 0.0016981
42, 23, 0.0187437, 0.001186, -0.00614486
42, 24, 0.0169954, -0.00143354, 0.00551958
42, 25, 0.0119558, -0.00156262, -0.00375918
42, 26, 0.00945908, 0.00318614, -0.000616086
42, 27, 0.00238656, -0.00065441, 0.000522126
42, 28, 0.556141, -0.103721, -0.00208733
42, 29, 0.139703, 0.035847, 0.00826539
42, 30, 0.262149, -0.0589323, 0.0106191
42, 31, 0.0221958, -0.00100499, 0.00727123
42, 32, 0.167365, -0.0421772, -0.00482917
42, 33, 0.0343148, -0.0106447, -0.00275364
42, 34, 0.0350043, -0.0108447, 0.00278566
42, 35, 0.0273786, -0.0085005, 0.00273474
42, 36, 0.0146013, 0.00178889, 0.0045975
42, 37, 0.0189007, 0.002547, -0.00577083
42, 38, 0.043163, 0.0127248, -0.00461993
42, 39, 0.0313607, -0.00864182, 0.00527299
42, 40, 0.115367, -0.0179377, 0.0259013
42, 41, 0.105522, -0.0234346, -0.0175569
42, 42, 0.00396594, 0.00120421, 0.000682426
42, 43, 0.017282, 0.00335949, -0.00472076
42, 44, 0.0755841, -0.00926114, -0.020098
42, 45, 0.0539976, 0.00604163, 0.0153813
42, 46, 0.0122841, 0.000523594, -0.00414578
42, 47, 0.668413, 0.019411, 0.116692
42, 48, 0.299876, 0.0168285, 0.0640018
42, 49, 0.0576872, -0.015407, 0.00832851
43, 0, 0.0157788, 0.00312213, 0.00429882
43, 1, 1.72266, 0.244737, 0.00301714
43, 2, 0.0639906, -0.0172095, -0.00845109
43, 3, 8.28274, 2.08256, -3.02182
43, 4, 0.00324583, 0.000541018, -0.000998258
43, 5, 13.0384, 4.13312, -4.76987
43, 6, 0.0173485, -0.00101145, -0.00572668
43, 7, 0.0704312, -0.0206528, -0.00271557
43, 8, 10.4916, -3.58622, 1.88627
43, 9, 7.77101, -1.69725, -1.60057
43, 10, 6.62362, -0.604956, 1.8667
43, 11, 9.07234, 2.49411, 1.47517
43, 12, 7.63606, 2.48208, 0.00587565
43, 13, 8.82804, 1.92026, 2.71626
43, 14, 10.5777, -3.58788, 1.33745
43, 15, 8.1325, -2.53462, 0.89446
43, 16, 11.8857, 1.81919, -4.68189
43, 17, 12.3794, 3.41925, 3.61616
43, 18, 10.4043, 4.1164, 1.25428
43, 19, 0.0701518, -0.0125523, 0.0165323
43, 20, 9.89506, 3.99392, -2.13692
43, 21, 11.3351, 0.137242, -4.53007
43, 22, 0.00877602, -0.000851642, 0.00289441
43, 23, 0.0064678, 0.00129083, 0.00183006
43, 24, 0.0186164, -0.0026819, 0.0056099
43, 25, 0.00960211, -0.00241798, -0.00223513
43, 26, 0.0163278, 0.00546425, 0.000522307
43, 27, 0.0075804, -0.00204813, 0.00162693
43, 28, 0.274957, -0.0620342, -0.00209093
43, 29, 0.0105839, -0.00339287, -0.0012584
43, 30, 0.567858, -0.105308, 0.00025247
43, 31, 0.0118378, -0.00165828, 0.00367546
43, 32, 0.358915, -0.0729353, -0.0196023
43, 33, 0.0126042, -0.00410426, 0.0012263
43, 34, 0.0143099, -0.00352226, 0.00331793
43, 35, 0.0251898, -0.00276438, 0.0077873
43, 36, 0.0168752, 0.00223199, 0.00520602
43, 37, 0.0420675, 0.00558663, -0.0119902
43, 38, 0.0198761, 0.00623248, 0.00221798
43, 39, 0.0397438, -0.00713913, 0.0103416
43, 40, 0.160894, -0.0308848, 0.0271676
43, 41, 0.167052, -0.0359982, -0.0223454
43, 42, 0.00768117, 0.000449299, 0.00261124
43, 43, 0.0213614, -0.00114628, -0.0069872
43, 44, 0.100363, -0.0169538, -0.0224005
43, 45, 0.0704892, 0.000651669, 0.0208352
43, 46, 0.0133597, -0.000311496, -0.00451947
43, 47, 0.699945, 0.0292853, 0.1186
43, 48, 0.694792, 0.00338781, 0.121688
43, 49, 0.0491309, -0.0140032, 0.00590988
44, 0, 0.0164463, 0.00438007, 0.00337101
44, 1, 0.0387247, 0.00848672, 0.00886756
44, 2, 0.0715416, -0.00820907, -0.0194502
44, 3, 8.35472, 0.331482, -2.56842
44, 4, 0.0116944, 0.00241971, -0.00316638
44, 5, 5.49304, -1.23226, -0.663762
44, 6, 0.0291638, -0.00431668, -0.00842627
44, 7, 0.120168, -0.0322587, -0.00455799
44, 8, 7.77101, -1.69725, -1.60057
44, 9, 6.62362, -0.604956, 1.8667
44, 10, 9.07234, 2.49411, 1.47517
44, 11, 7.63606, 2.48208, 0.00587565
44, 12, 8.82804, 1.92026, 2.71626
44, 13, 10.5777, -3.58788, 1.33745
44, 14, 8.1325, -2.53462, 0.89446
44, 15, 11.8857, 1.81919, -4.68189
44, 16, 12.3794, 3.41925, 3.61616
44, 17, 10.4043, 4.1164, 1.25428
44, 18, 9.31612, 1.67099, 3.08117
44, 19, 0.0800702, -0.00485236, 0.0227322
44, 20, 11.3351, 0.137242, -4.53007
44, 21, 12.4735, -4.35748, 2.57206
44, 22, 0.0151222, -0.00117505, 0.00496437
44, 23, 0.00574425, 0.000879513, 0.00178898
44, 24, 0.00860914, -0.00172241, 0.00240879
44, 25, 0.00325571, -0.000191645, -0.00112261
44, 26, 0.022473, 0.00740746, 0.000530203
44, 27, 0.00570543, -0.0011257, 0.00162918
44, 28, 0.0954119, -0.0268313, -0.00242553
44, 29, 0.0158631, -0.00529059, 0.000725231
44, 30, 0.729314, -0.123433, 0.0247888
44, 31, 0.0119025, -0.00329047, 0.00236722
44, 32, 0.0672321, -0.0173737, -0.00992911
44, 33, 0.0103702, -0.00291273, 0.00202576
44, 34, 0.0120853, -8.89769e-05, 0.00411254
44, 35, 0.0184451, -0.00181436, 0.00589067
44, 36, 0.0332939, 0.0043996, 0.00974836
44, 37, 0.0317691, 0.00229925, -0.00998345
44, 38, 0.0145428, 0.00396319, 0.00290584
44, 39, 0.0512602, -0.0116584, 0.0106375
44, 40, 0.239828, -0.0416123, 0.0373813
44, 41, 0.192707, -0.0473182, -0.00246111
44, 42, 0.00660551, 0.00222177, 0.000538928
44, 43, 0.027008, -0.00447148, -0.00759933
44, 44, 0.110553, -0.00410957, -0.0301538
44, 45, 0.0827076, 0.00206725, 0.0238028
44, 46, 0.0147541, -0.00201437, -0.00455734
44, 47, 1.6041, -0.0065136, 0.230013
44, 48, 0.335649, 0.00348539, 0.0718658
44, 49, 0.0337774, -0.00959208, 0.00504373
45, 0, 0.0103988, -0.00100593, 0.00341223
45, 1, 0.0385943, 0.00485486, 0.0112327
45, 2, 0.117728, -0.00766072, -0.0311085
45, 3, 13.0384, 4.13312, -4.76987
45, 4, 0.0115427, 0.00187204, -0.00346139
45, 5, 9.4004, -3.06522, -1.48366
45, 6, 0.0308572, -0.00904761, -0.00419733
45, 7, 0.175054, -0.0433225, -0.00751969
45, 8, 6.62362, -0.604956, 1.8667
45, 9, 9.07234, 2.49411, 1.47517
45, 10, 7.63606, 2.48208, 0.00587565
45, 11, 8.82804, 1.92026, 2.71626
45, 12, 10.5777, -3.58788, 1.33745
45, 13, 8.1325, -2.53462, 0.89446
45, 14, 11.8857, 1.81919, -4.68189
45, 15, 12.3794, 3.41925, 3.61616
45, 16, 10.4043, 4.1164, 1.25428
45, 17, 9.31612, 1.67099, 3.08117
45, 18, 9.89506, 3.99392, -2.13692
45, 19, 0.192764, -0.00496751, 0.0471307
45, 20, 12.4735, -4.35748, 2.57206
45, 21, 11.7429, -0.711491, 4.55392
45, 22, 0.0153532, -0.00144823, 0.00496926
45, 23, 0.00946127, 6.21666e-05, 0.00324529
45, 24, 0.010304, 0.000454455, 0.00349659
45, 25, 0.00437496, -0.00152342, -6.69179e-05
45, 26, 0.0131705, 0.00443673, 0.000531977
45, 27, 0.00671187, 8.80174e-05, 0.00232057
45, 28, 0.203087, -0.0493088, 0.00171684
45, 29, 0.0212615, -0.00682111, 0.0017795
45, 30, 1.14733, -0.172414, 0.0331458
45, 31, 0.0109052, -0.00146519, 0.0034247
45, 32, 0.0419339, -0.0118413, -0.00581045
45, 33, 0.00420402, -0.00117944, 0.000870856
45, 34, 0.0138999, 0.000334427, 0.00469401
45, 35, 0.0234044, -0.00373615, 0.00674957
45, 36, 0.0152783, 0.00357349, 0.00371106
45, 37, 0.0476379, 0.00187591, -0.0146681
45, 38, 0.0105204, 0.0022793, 0.00278353
45, 39, 0.0631395, -0.0128936, 0.0138878
45, 40, 0.240823, -0.0552287, 0.0102708
45, 41, 0.0356773, -0.0102987, -0.00487197
45, 42, 0.000669822, 0.000149595, 0.000182908
45, 43, 0.0326995, 0.00125585, -0.0104448
45, 44, 0.137538, -0.00424366, -0.0360838
45, 45, 0.0853814, 0.00221061, 0.0244439
45, 46, 0.039378, 0.000258962, -0.0124593
45, 47, 0.755432, -0.0060267, 0.129163
45, 48, 0.195784, 0.00101233, 0.0479554
45, 49, 0.0146828, -0.000232989, 0.00495415
46, 0, 0.00605947, -0.000100468, 0.0020984
46, 1, 0.0473726, 0.00434788, 0.0140568
46, 2, 0.275669, -0.00196075, -0.0621586
46, 3, 5.49304, -1.23226, -0.663762
46, 4, 0.0121713, 0.000539335, -0.00410646
46, 5, 10.4916, -3.58622, 1.88627
46, 6, 0.0416838, -0.0119012, -0.00552022
46, 7, 0.193322, -0.0472614, -0.0047336
46, 8, 9.07234, 2.49411, 1.47517
46, 9, 7.63606, 2.48208, 0.00587565
46, 10, 8.82804, 1.92026, 2.71626
46, 11, 10.5777, -3.58788, 1.33745
46, 12, 8.1325, -2.53462, 0.89446
46, 13, 11.8857, 1.81919, -4.68189
46, 14, 12.3794, 3.41925, 3.61616
46, 15, 10.4043, 4.1164, 1.25428
46, 16, 9.31612, 1.67099, 3.08117
46, 17, 9.89506, 3.99392, -2.13692
46, 18, 11.3351, 0.137242, -4.53007
46, 19, 0.037218, -0.00758789, -0.00908896
46, 20, 11.7429, -0.711491, 4.55392
46, 21, 2.82733, -0.904895, -0.0903677
46, 22, 0.0158148, -0.00278702, 0.00453685
46, 23, 0.0142971, 0.0021917, 0.00430944
46, 24, 0.013599, -0.000848368, 0.00452933
46, 25, 0.00183358, -0.000641096, -6.4764e-05
46, 26, 0.00573656, 0.00107016, 0.00167878
46, 27, 0.0134447, -0.00172719, 0.00421795
46, 28, 0.285933, -0.0639073, 0.000309437
46, 29, 0.0335383, -0.010767, -5.70679e-05
46, 30, 0.129598, -0.0324082, -0.0122065
46, 31, 0.0123552, -0.000325467, 0.0041894
46, 32, 0.0182355, -0.00248041, -0.00557
46, 33, 0.00468233, -0.000765244, 0.00143969
46, 34, 0.0152541, -0.00132666, 0.00497004
46, 35, 0.0191242, -0.00279231, 0.00573484
46, 36, 0.0132009, 0.00280565, 0.00349064
46, 37, 0.0513142, 0.00163661, -0.0157126
46, 38, 0.00760659, 0.00125085, 0.00230723
46, 39, 0.059085, -0.0168036, 0.00612597
46, 40, 0.240134, -0.0177557, 0.0531496
46, 41, 0.0614327, -0.0172983, -0.00657128
46, 42, 0.00586973, 0.00199393, -0.000412869
46, 43, 0.0397961, 0.00174288, -0.0124604
46, 44, 0.142851, -0.00717943, -0.0367548
46, 45, 0.285675, 0.00168206, 0.0638427
46, 46, 0.0187971, 0.000160182, -0.00627311
46, 47, 0.422214, -0.00410213, 0.0849572
46, 48, 0.183311, -0.00253198, 0.0455109
46, 49, 0.0310748, 0.000364461, 0.010032
47, 0, 0.00287313, 4.05886e-05, 0.00100545
47, 1, 0.110713, -0.010041, 0.0287638
47, 2, 0.350206, 3.06507e-05, -0.0742288
47, 3, 9.4004, -3.06522, -1.48366
47, 4, 0.0100689, -0.000986717, -0.00330379
47, 5, 7.77101, -1.69725, -1.60057
47, 6, 0.0417197, -0.0130589, -0.00135965
47, 7, 0.0804813, -0.0230729, -0.0035597
47, 8, 7.63606, 2.48208, 0.00587565
47, 9, 8.82804, 1.92026, 2.71626
47, 10, 10.5777, -3.58788, 1.33745
47, 11, 8.1325, -2.53462, 0.89446
47, 12, 11.8857, 1.81919, -4.68189
47, 13, 12.3794, 3.41925, 3.61616
47, 14, 10.4043, 4.1164, 1.25428
47, 15, 9.31612, 1.67099, 3.08117
47, 16, 9.89506, 3.99392, -2.13692
47, 17, 11.3351, 0.137242, -4.53007
47, 18, 12.4735, -4.35748, 2.57206
47, 19, 0.0281093, -0.00836278, -0.00371387
47, 20, 2.82733, -0.904895, -0.0903677
47, 21, 9.76307, -1.83903, 3.27669
47, 22, 0.0121061, 0.00111217, 0.0039674
47, 23, 0.0209622, 0.00490313, 0.00493394
47, 24, 0.0133816, -0.000276679, 0.00452888
47, 25, 0.00225827, 0.000520972, 0.000597205
47, 26, 0.0105445, -0.000706423, 0.00353579
47, 27, 0.0182079, -0.00233263, 0.005624
47, 28, 0.620699, -0.111971, 0.00778927
47, 29, 0.0086365, -0.0029217, 0.000535713
47, 30, 0.0883334, -0.0212585, -0.0136306
47, 31, 0.00980366, 0.00133406, 0.00308365
47, 32, 0.0112552, -0.00214241, -0.00318736
47, 33, 0.00774047, -0.00266815, -8.74286e-05
47, 34, 0.0048856, -0.00121555, 0.00118862
47, 35, 0.0310506, -0.00215539, 0.00979714
47, 36, 0.0104622, 0.00119342, 0.00337353
47, 37, 0.0668371, 0.00177975, -0.0198307
47, 38, 0.0120753, 0.000560188, 0.00407189
47, 39, 0.026211, -0.00283133, 0.0080942
47, 40, 0.31256, -0.0316724, 0.0603679
47, 41, 0.066053, -0.0111412, -0.0162551
47, 42, 0.00413697, 0.00122991, -0.000754758
47, 43, 0.0414007, 0.00301836, -0.0126847
47, 44, 0.539727, -0.00981442, -0.101037
47, 45, 0.197196, 0.000551422, 0.0482297
47, 46, 0.0090615, 0.000441856, -0.003081
47, 47, 0.392189, -0.00107949, 0.0806168
47, 48, 0.471884, -0.0040963, 0.0920837
47, 49, 0.0310449, -0.000857466, 0.00999303
48, 0, 0.00581561, 0.00176272, -0.000981996
48, 1, 0.124013, -0.0119236, 0.0312193
48, 2, 0.510369, -0.00012179, -0.0975321
48, 3, 10.4916, -3.58622, 1.88627
48, 4, 0.0127063, -0.0016939, -0.0039707
48, 5, 6.62362, -0.604956, 1.8667
48, 6, 0.025152, -0.00713963, 0.00413743
48, 7, 0.0416061, -0.0126056, -0.0035545
48, 8, 8.82804, 1.92026, 2.71626
48, 9, 10.5777, -3.58788, 1.33745
48, 10, 8.1325, -2.53462, 0.89446
48, 11, 11.8857, 1.81919, -4.68189
48, 12, 12.3794, 3.41925, 3.61616
48, 13, 10.4043, 4.1164, 1.25428
48, 14, 9.31612, 1.67099, 3.08117
48, 15, 9.89506, 3.99392, -2.13692
48, 16, 11.3351, 0.137242, -4.53007
48, 17, 12.4735, -4.35748, 2.57206
48, 18, 11.7429, -0.711491, 4.55392
48, 19, 0.0317733, -0.00951662, -0.00379663
48, 20, 9.76307, -1.83903, 3.27669
48, 21, 12.568, 4.89794, 2.44755
48, 22, 0.0113692, 0.0007413, 0.00380653
48, 23, 0.0172107, 0.00299745, 0.00493194
48, 24, 0.0126949, 0.000279313, 0.00430414
48, 25, 0.00784724, -0.0012186, 0.00241553
48, 26, 0.00505163, -0.00158544, -0.000757159
48, 27, 0.015162, -0.00320842, 0.00398282
48, 28, 0.200408, -0.0322539, 0.0366111
48, 29, 0.00642873, -0.00182946, 0.00126855
48, 30, 0.0806801, -0.00233941, -0.0232777
48, 31, 0.0118021, 0.001731, 0.00362878
48, 32, 0.021225, -0.00618945, -0.00335027
48, 33, 0.00625489, -0.00198723, 0.000864725
48, 34, 0.00238632, -0.00080527, 0.000228626
48, 35, 0.0327804, -0.00240237, 0.0102666
48, 36, 0.0084994, 0.000207822, 0.00291709
48, 37, 0.0138058, 0.00467508, 4.82289e-05
48, 38, 0.0261216, -0.00111316, 0.00847511
48, 39, 0.0307174, 0.000300034, 0.00992771
48, 40, 0.323291, -0.0149176, 0.0683562
48, 41, 0.0874113, -0.0147422, -0.020229
48, 42, 0.00244086, -0.000331056, -0.000789473
48, 43, 0.0931837, -0.00144559, -0.0263748
48, 44, 0.246468, -0.00869785, -0.0565045
48, 45, 0.143887, 0.000132993, 0.0376684
48, 46, 0.0111328, 0.00238263, -0.00296038
48, 47, 1.01315, -0.00417178, 0.160253
48, 48, 0.371766, -0.00366575, 0.0774544
48, 49, 0.0569322, -0.00119238, 0.0172723
49, 0, 0.00510943, 0.00125976, -0.00125292
49, 1, 0.19638, -0.0175019, 0.0447587
49, 2, 0.251422, -0.00451829, -0.0578631
49, 3, 7.77101, -1.69725, -1.60057
49, 4, 0.0120467, -0.00208617, -0.00353056
49, 5, 9.07234, 2.49411, 1.47517
49, 6, 0.0167754, -0.0038211, 0.00413798
49, 7, 0.0260862, -0.00837326, -0.00166462
49, 8, 10.5777, -3.58788, 1.33745
49, 9, 8.1325, -2.53462, 0.89446
49, 10, 11.8857, 1.81919, -4.68189
49, 11, 12.3794, 3.41925, 3.61616
49, 12, 10.4043, 4.1164, 1.25428
49, 13, 9.31612, 1.67099, 3.08117
49, 14, 9.89506, 3.99392, -2.13692
49, 15, 11.3351, 0.137242, -4.53007
49, 16, 12.4735, -4.35748, 2.57206
49, 17, 11.7429, -0.711491, 4.55392
49, 18, 2.82733, -0.904895, -0.0903677
49, 19, 0.0385149, -0.0121519, -0.00123234
49, 20, 12.568, 4.89794, 2.44755
49, 21, 9.91542, -2.99649, 2.37532
49, 22, 0.012103, 0.0015696, 0.00380855
49, 23, 0.0099545, 0.000494466, 0.00337394
49, 24, 0.00218652, -0.000539356, -0.00054604
49, 25, 0.012264, -0.00179933, 0.00376419
49, 26, 0.0105615, -0.00305108, -0.00193191
49, 27, 0.00448039, 0.000461625, 0.0014913
49, 28, 0.122745, -0.0138731, 0.0300965
49, 29, 0.00089583, -0.000237668, 0.000207928
49, 30, 0.0472608, -0.00282413, -0.0144089
49, 31, 0.0299514, 0.00600792, 0.00761993
49, 32, 0.0149255, -0.00468464, -0.00185367
49, 33, 0.00455616, -0.00158532, -7.56724e-05
49, 34, 0.00680736, -0.0023517, 0.0001163
49, 35, 0.0376896, -0.00332381, 0.0115059
49, 36, 0.0136728, -0.00045465, 0.00460972
49, 37, 0.000744641, -0.000207323, 0.000161204
49, 38, 0.0366852, -0.00488345, 0.0106165
49, 39, 0.04275, -0.00254303, 0.0131779
49, 40, 0.387088, -0.0190808, 0.0774914
49, 41, 0.117879, -0.0246002, -0.0205648
49, 42, 0.00930057, 0.00154816, -0.00279178
49, 43, 0.0414208, -0.0014797, -0.0129605
49, 44, 0.144883, -0.00717508, -0.037188
49, 45, 0.13751, -0.00235992, 0.0362504
49, 46, 0.0169925, 0.00293016, -0.00489124
49, 47, 0.808858, -0.00338197, 0.135831
49, 48, 0.786534, -0.000798007, 0.133144
49, 49, 0.0606816, 0.00280568, 0.0180911
